-- phpMyAdmin SQL Dump
-- version 4.3.11
-- http://www.phpmyadmin.net
--
-- Host: 127.0.0.1
-- Generation Time: Aug 13, 2016 at 01:11 PM
-- Server version: 5.6.24
-- PHP Version: 5.6.8

SET SQL_MODE = "NO_AUTO_VALUE_ON_ZERO";
SET time_zone = "+00:00";


/*!40101 SET @OLD_CHARACTER_SET_CLIENT=@@CHARACTER_SET_CLIENT */;
/*!40101 SET @OLD_CHARACTER_SET_RESULTS=@@CHARACTER_SET_RESULTS */;
/*!40101 SET @OLD_COLLATION_CONNECTION=@@COLLATION_CONNECTION */;
/*!40101 SET NAMES utf8 */;

--
-- Database: `psuconnect`
--

-- --------------------------------------------------------

--
-- Table structure for table `announcement`
--

CREATE TABLE IF NOT EXISTS `announcement` (
  `ID` int(11) NOT NULL,
  `content` text NOT NULL,
  `dateposted` varchar(50) NOT NULL,
  `timeposted` varchar(30) NOT NULL,
  `userLRN` varchar(15) NOT NULL
) ENGINE=InnoDB AUTO_INCREMENT=9 DEFAULT CHARSET=latin1;

--
-- Dumping data for table `announcement`
--

INSERT INTO `announcement` (`ID`, `content`, `dateposted`, `timeposted`, `userLRN`) VALUES
(4, 'I love Engr. Hacla <3', 'June 1, 2016', '07:16:55 pm', 'URDA-0002'),
(7, 'We will be having our Brigada Eskwela on August 4-5, 2016. please Attend!', 'August 1, 2016', '11:15:21 am', 'URDA-0001');

-- --------------------------------------------------------

--
-- Table structure for table `commentgroup`
--

CREATE TABLE IF NOT EXISTS `commentgroup` (
  `ID` int(11) NOT NULL,
  `commentcontent` varchar(200) NOT NULL,
  `datecommented` varchar(30) NOT NULL,
  `timecommented` varchar(30) NOT NULL,
  `postID` int(11) NOT NULL,
  `userID` varchar(15) NOT NULL
) ENGINE=InnoDB AUTO_INCREMENT=20 DEFAULT CHARSET=latin1;

--
-- Dumping data for table `commentgroup`
--

INSERT INTO `commentgroup` (`ID`, `commentcontent`, `datecommented`, `timecommented`, `postID`, `userID`) VALUES
(1, 'Oh? HAHAHA', 'July 11, 2016', '11:39:02 am', 7, 'URDA-0001'),
(4, 'Mehehehe', 'July 11, 2016', '02:01:25 pm', 7, 'URDA-0001'),
(5, 'Group sa Elective 3.. HAHAha', 'July 13, 2016', '02:31:42 pm', 14, '13-UR-0001'),
(6, 'True!!! Hahaha', 'July 15, 2016', '05:15:29 am', 15, '13-UR-0001'),
(7, 'Sure Sir! Welcome!', 'July 15, 2016', '05:15:54 am', 11, '13-UR-0001'),
(8, 'asasas', 'July 15, 2016', '05:16:10 am', 11, '13-UR-0001'),
(9, 'asasas', 'August 7, 2016', '12:23:02 pm', 19, '13-UR-0001'),
(10, 'asassa', 'August 7, 2016', '12:23:05 pm', 19, '13-UR-0001'),
(11, '', 'August 7, 2016', '12:23:35 pm', 18, '13-UR-0001'),
(12, 'asasasas', 'August 7, 2016', '12:47:53 pm', 16, '13-UR-0001'),
(13, 'Ahahha!', 'August 9, 2016', '01:44:44 pm', 14, 'URDA-0001'),
(14, 'asasasasasa', 'August 9, 2016', '01:45:02 pm', 19, 'URDA-0001'),
(15, 'asasasa', 'August 9, 2016', '01:48:58 pm', 19, 'URDA-0001'),
(16, 'hahaha', 'August 9, 2016', '01:49:07 pm', 17, 'URDA-0001'),
(17, 'hahah', 'August 13, 2016', '05:03:06 am', 19, '13-UR-0099');

-- --------------------------------------------------------

--
-- Table structure for table `comments`
--

CREATE TABLE IF NOT EXISTS `comments` (
  `ID` int(11) NOT NULL,
  `commentcontent` varchar(200) NOT NULL,
  `datecommented` varchar(30) NOT NULL,
  `timecommented` varchar(30) NOT NULL,
  `postID` int(11) NOT NULL,
  `userLRN` varchar(15) NOT NULL
) ENGINE=InnoDB AUTO_INCREMENT=68 DEFAULT CHARSET=latin1;

--
-- Dumping data for table `comments`
--

INSERT INTO `comments` (`ID`, `commentcontent`, `datecommented`, `timecommented`, `postID`, `userLRN`) VALUES
(3, 'Hue hue :3', 'July 4, 2016', '02:40:34 pm', 85, '13-UR-0099'),
(4, 'Favorite mo ba? Hahaha', 'July 4, 2016', '02:41:14 pm', 88, '13-UR-0099'),
(5, 'Sino po yan?', 'July 4, 2016', '03:15:41 pm', 89, '16-UR-0052'),
(6, 'Dejoke. Kilala ko na po pala.', 'July 4, 2016', '03:17:31 pm', 89, '16-UR-0052'),
(8, 'Oyatsumi!!', 'July 4, 2016', '03:21:16 pm', 90, '13-UR-0099'),
(9, 'Wow ha mark. HAHAHA', 'July 4, 2016', '03:21:52 pm', 87, '13-UR-0099'),
(10, 'or what? ', 'July 4, 2016', '03:45:10 pm', 95, '13-UR-0001'),
(11, 'Mushi miu!', 'July 10, 2016', '02:01:48 pm', 96, 'URDA-0001'),
(13, 'Baliw ka? ', 'July 11, 2016', '03:48:11 pm', 89, 'URDA-0001'),
(14, 'ng ano Karla?', 'July 11, 2016', '03:48:23 pm', 84, 'URDA-0001'),
(15, 'Good morning!', 'July 15, 2016', '05:19:09 am', 100, '13-UR-0001'),
(16, 'Goodnight din :)', 'July 16, 2016', '04:52:05 am', 90, '16-UR-0052'),
(17, 'Bakit ahh? ', 'July 16, 2016', '04:53:37 am', 90, '16-UR-0052'),
(19, 'Wala lang daw. ', 'July 16, 2016', '05:03:06 am', 95, '16-UR-0052'),
(20, 'Naks. English!!!!!!!!!!', 'July 16, 2016', '05:03:30 am', 93, '16-UR-0052'),
(21, '''Mehehe', 'July 16, 2016', '05:04:20 am', 93, '16-UR-0052'),
(23, 'Morning din po!', 'August 1, 2016', '07:27:17 am', 100, '13-UR-0099'),
(41, 'Good evening!', 'August 1, 2016', '11:22:00 am', 83, 'URDA-0001'),
(42, 'Hello!', 'August 2, 2016', '05:04:55 am', 105, '13-UR-0001'),
(44, 'Hello din! :)', 'August 2, 2016', '11:44:40 am', 105, '13-UR-0001'),
(45, 'Dami alam!', 'August 2, 2016', '11:54:42 am', 105, '13-UR-0001'),
(46, 'Why naman so serious?', 'August 2, 2016', '12:13:14 pm', 103, '13-UR-0001'),
(47, 'Mehehe', 'August 2, 2016', '12:17:20 pm', 86, '13-UR-0001'),
(60, 'asdf', 'August 7, 2016', '12:00:54 pm', 102, '13-UR-0001'),
(61, 'qwqwq', 'August 7, 2016', '12:08:42 pm', 105, '13-UR-0001'),
(62, '121212', 'August 7, 2016', '12:12:34 pm', 96, '13-UR-0001'),
(63, 'Okay lang!', 'August 9, 2016', '01:46:07 pm', 108, 'URDA-0001'),
(64, 'Okay lang! Ikaw ba?', 'August 13, 2016', '05:08:13 am', 111, '13-UR-0099'),
(65, 'asdf', 'August 13, 2016', '05:13:53 am', 111, '13-UR-0099');

-- --------------------------------------------------------

--
-- Table structure for table `comment_announcement`
--

CREATE TABLE IF NOT EXISTS `comment_announcement` (
  `ID` int(11) NOT NULL,
  `commentcontent` varchar(200) NOT NULL,
  `datecommented` varchar(30) NOT NULL,
  `timecommented` varchar(30) NOT NULL,
  `annID` int(11) NOT NULL,
  `userLRN` varchar(15) NOT NULL
) ENGINE=InnoDB AUTO_INCREMENT=13 DEFAULT CHARSET=latin1;

--
-- Dumping data for table `comment_announcement`
--

INSERT INTO `comment_announcement` (`ID`, `commentcontent`, `datecommented`, `timecommented`, `annID`, `userLRN`) VALUES
(10, 'Truee Hahaha', 'August 13, 2016', '05:05:22 am', 7, '13-UR-0099'),
(11, 'Bakit?', 'August 13, 2016', '05:07:20 am', 7, '13-UR-0099');

-- --------------------------------------------------------

--
-- Table structure for table `comment_dept`
--

CREATE TABLE IF NOT EXISTS `comment_dept` (
  `ID` int(11) NOT NULL,
  `commentcontent` varchar(200) NOT NULL,
  `datecommented` varchar(30) NOT NULL,
  `timecommented` varchar(30) NOT NULL,
  `postID` int(11) NOT NULL,
  `userLRN` varchar(15) NOT NULL
) ENGINE=InnoDB AUTO_INCREMENT=15 DEFAULT CHARSET=latin1;

--
-- Dumping data for table `comment_dept`
--

INSERT INTO `comment_dept` (`ID`, `commentcontent`, `datecommented`, `timecommented`, `postID`, `userLRN`) VALUES
(6, 'Ano ba yan!', 'August 13, 2016', '10:42:10 am', 7, '13-UR-0001'),
(7, 'kainis ah! Hmpt.', 'August 13, 2016', '10:42:24 am', 7, '13-UR-0001'),
(9, 'Hahaha! Sayang!', 'August 13, 2016', '11:01:17 am', 7, '13-UR-0099'),
(10, 'Bakit ngay? ambilis naman!', 'August 13, 2016', '11:01:46 am', 6, '13-UR-0099'),
(12, 'Next Week pa ata. :)', 'August 13, 2016', '12:18:28 pm', 11, '13-UR-0001'),
(13, 'asdf', 'August 13, 2016', '12:50:30 pm', 15, '16-UR-0074'),
(14, 'asasas', 'August 13, 2016', '04:07:59 pm', 17, 'URDA-0001');

-- --------------------------------------------------------

--
-- Table structure for table `connected`
--

CREATE TABLE IF NOT EXISTS `connected` (
  `ID` int(11) NOT NULL,
  `userID` varchar(15) NOT NULL,
  `connectedID` varchar(15) NOT NULL
) ENGINE=InnoDB AUTO_INCREMENT=78 DEFAULT CHARSET=latin1;

--
-- Dumping data for table `connected`
--

INSERT INTO `connected` (`ID`, `userID`, `connectedID`) VALUES
(64, '13-UR-0099', '13-UR-0001'),
(65, '13-UR-0001', '13-UR-0099'),
(66, '13-UR-0099', 'URDA-0001'),
(67, 'URDA-0001', '13-UR-0099'),
(70, '13-UR-0099', '13-UR-0111'),
(71, '13-UR-0111', '13-UR-0099'),
(72, 'URDA-0001', '13-UR-0111'),
(73, '13-UR-0111', 'URDA-0001'),
(74, '13-UR-0099', '16-UR-0074'),
(75, '16-UR-0074', '13-UR-0099'),
(76, '13-UR-0001', '16-UR-0074'),
(77, '16-UR-0074', '13-UR-0001');

-- --------------------------------------------------------

--
-- Table structure for table `connectrequest`
--

CREATE TABLE IF NOT EXISTS `connectrequest` (
  `ID` int(11) NOT NULL,
  `userID` varchar(15) NOT NULL,
  `requestID` varchar(15) NOT NULL,
  `requeststatus` varchar(10) NOT NULL
) ENGINE=InnoDB AUTO_INCREMENT=54 DEFAULT CHARSET=latin1;

--
-- Dumping data for table `connectrequest`
--

INSERT INTO `connectrequest` (`ID`, `userID`, `requestID`, `requeststatus`) VALUES
(30, 'URDA-0001', '13-UR-0099', 'Accepted'),
(32, '13-UR-0001', '16-UR-0065', ''),
(33, '13-UR-0001', '13-UR-0099', 'Accepted'),
(37, '13-UR-0111', 'URDA-0001', 'Accepted'),
(38, '13-UR-0111', '13-UR-0099', 'Accepted'),
(39, '13-UR-0111', '16-UR-0052', ''),
(40, '13-UR-0111', '16-UR-0065', ''),
(42, '13-UR-0099', '16-UR-0052', ''),
(43, '13-UR-0001', '13-UR-0111', ''),
(44, '13-UR-0001', '16-UR-0052', ''),
(45, '13-UR-0001', 'URDA-0002', ''),
(46, '15-UR-0136', 'URDA-0002', ''),
(47, '15-UR-0136', 'URDA-0004', ''),
(49, '16-UR-0074', '13-UR-0001', 'Accepted'),
(50, '16-UR-0074', '13-UR-0111', ''),
(51, '16-UR-0074', '13-UR-0099', 'Accepted'),
(52, 'URDA-0001', 'URDA-0002', ''),
(53, 'URDA-0001', '16-UR-0052', '');

-- --------------------------------------------------------

--
-- Table structure for table `creategroup`
--

CREATE TABLE IF NOT EXISTS `creategroup` (
  `ID` int(11) NOT NULL,
  `groupname` varchar(20) NOT NULL,
  `groupadminID` varchar(15) NOT NULL
) ENGINE=InnoDB AUTO_INCREMENT=7 DEFAULT CHARSET=latin1;

--
-- Dumping data for table `creategroup`
--

INSERT INTO `creategroup` (`ID`, `groupname`, `groupadminID`) VALUES
(1, 'Team Always', 'URDA-0001'),
(2, 'Walang Forever', 'URDA-0001'),
(3, 'Team Walang Poreber', 'URDA-0001');

-- --------------------------------------------------------

--
-- Table structure for table `degree`
--

CREATE TABLE IF NOT EXISTS `degree` (
  `ID` int(11) NOT NULL,
  `userDegree` varchar(50) NOT NULL,
  `Yearno` int(11) NOT NULL,
  `userLRN` varchar(15) NOT NULL
) ENGINE=InnoDB AUTO_INCREMENT=13 DEFAULT CHARSET=latin1;

--
-- Dumping data for table `degree`
--

INSERT INTO `degree` (`ID`, `userDegree`, `Yearno`, `userLRN`) VALUES
(1, 'BS Information Technology', 4, '13-UR-0001'),
(2, 'BS Information Technology', 4, '13-UR-0111'),
(3, 'BS Information Technology', 4, '13-UR-0099'),
(4, 'BS Architecture', 2, '16-UR-0052'),
(5, 'AB English Language', 2, '16-UR-0065'),
(6, 'BS Electrical Engineering', 0, 'URDA-0001'),
(7, 'BS Secondary Education', 3, '16-UR-0074'),
(9, 'AB English Language', 2, '15-UR-0136'),
(10, 'BS Elementary Education', 0, 'URDA-0002'),
(11, 'BS Electrical Engineering', 0, 'URDA-0003'),
(12, 'BS Elementary Education', 0, 'URDA-0004');

-- --------------------------------------------------------

--
-- Table structure for table `department`
--

CREATE TABLE IF NOT EXISTS `department` (
  `ID` int(11) NOT NULL,
  `content` text NOT NULL,
  `dateposted` varchar(30) NOT NULL,
  `timeposted` varchar(30) NOT NULL,
  `userLRN` varchar(15) NOT NULL,
  `department` varchar(100) NOT NULL
) ENGINE=InnoDB AUTO_INCREMENT=18 DEFAULT CHARSET=latin1;

--
-- Dumping data for table `department`
--

INSERT INTO `department` (`ID`, `content`, `dateposted`, `timeposted`, `userLRN`, `department`) VALUES
(6, 'Please wear your uniform on Monday!!', 'August 13, 2016', '10:00:38 am', '13-UR-0001', 'BS Information Technology'),
(7, 'All are required to wear your complete uniform!!!', 'August 13, 2016', '10:03:56 am', '13-UR-0001', 'BS Information Technology'),
(10, 'Sana talga next week pa pasukan! :#', 'August 13, 2016', '11:02:31 am', '13-UR-0099', 'BS Information Technology'),
(11, 'Kailan po adding ng subjects? ', 'August 13, 2016', '11:10:21 am', '13-UR-0099', 'BS Information Technology'),
(12, 'Hello po! ano po meron dito?', 'August 13, 2016', '12:44:34 pm', '16-UR-0074', 'BS Information Technology'),
(14, 'ASDF', 'August 13, 2016', '12:48:53 pm', '16-UR-0052', 'BS Architecture'),
(15, 'QWERTY', 'August 13, 2016', '12:49:52 pm', '16-UR-0074', 'BS Secondary Education'),
(17, 'asas', 'August 13, 2016', '04:01:10 pm', 'URDA-0001', 'BS Information Technology');

-- --------------------------------------------------------

--
-- Table structure for table `displaypic`
--

CREATE TABLE IF NOT EXISTS `displaypic` (
  `ID` int(11) NOT NULL,
  `picpath` text NOT NULL,
  `userID` varchar(15) NOT NULL
) ENGINE=InnoDB AUTO_INCREMENT=7 DEFAULT CHARSET=latin1;

--
-- Dumping data for table `displaypic`
--

INSERT INTO `displaypic` (`ID`, `picpath`, `userID`) VALUES
(1, 'D://xampp/htdocs/Prototype1/images/IMG_20160210_101353.jpg', '13-UR-0099'),
(2, 'D://xampp/htdocs/Prototype1/images/20160521_165935.jpg', '13-UR-0001'),
(3, 'D://xampp/htdocs/Prototype1/images/IMG_20160518_112532.jpg', 'URDA-0001'),
(4, 'D://xampp/htdocs/Prototype1/images/IMG_20160516_174200.jpg', '16-UR-0052'),
(5, 'D://xampp/htdocs/Prototype1/images/yukine 2.png', '13-UR-0111'),
(6, 'D://xampp/htdocs/Prototype1/images/IMG_20150711_182509.jpg', '16-UR-0074');

-- --------------------------------------------------------

--
-- Table structure for table `facultylrn`
--

CREATE TABLE IF NOT EXISTS `facultylrn` (
  `ID` int(11) NOT NULL,
  `LRN` varchar(15) NOT NULL
) ENGINE=InnoDB AUTO_INCREMENT=7 DEFAULT CHARSET=latin1;

--
-- Dumping data for table `facultylrn`
--

INSERT INTO `facultylrn` (`ID`, `LRN`) VALUES
(1, 'URDA-0001'),
(2, 'URDA-0002'),
(3, 'URDA-0003'),
(4, 'URDA-0004'),
(5, 'URDA-0005'),
(6, 'URDA-0006');

-- --------------------------------------------------------

--
-- Table structure for table `groupmember`
--

CREATE TABLE IF NOT EXISTS `groupmember` (
  `ID` int(11) NOT NULL,
  `groupID` int(11) NOT NULL,
  `userID` varchar(15) NOT NULL
) ENGINE=InnoDB AUTO_INCREMENT=32 DEFAULT CHARSET=latin1;

--
-- Dumping data for table `groupmember`
--

INSERT INTO `groupmember` (`ID`, `groupID`, `userID`) VALUES
(15, 1, '13-UR-0001'),
(18, 2, '13-UR-0001'),
(19, 2, '13-UR-0111'),
(23, 1, '16-UR-0052'),
(24, 3, '13-UR-0111'),
(25, 3, '13-UR-0099'),
(31, 1, 'URDA-0001');

-- --------------------------------------------------------

--
-- Table structure for table `grouppost`
--

CREATE TABLE IF NOT EXISTS `grouppost` (
  `ID` int(11) NOT NULL,
  `content` text NOT NULL,
  `dateposted` varchar(50) NOT NULL,
  `timeposted` varchar(30) NOT NULL,
  `groupID` int(11) NOT NULL,
  `userID` varchar(15) NOT NULL
) ENGINE=InnoDB AUTO_INCREMENT=21 DEFAULT CHARSET=latin1;

--
-- Dumping data for table `grouppost`
--

INSERT INTO `grouppost` (`ID`, `content`, `dateposted`, `timeposted`, `groupID`, `userID`) VALUES
(7, 'Hello!\r\nI am a licensed Instructor at Pangasinan State University Urdaneta Campus. I live in Binalonan, Pangasinan and I am 29 years old. I have always been working for the sake of my family to help them in their everyday needs. I am doing this because they have given me a lot ever since so I decided to help them when time comes. And fortunately, I already have that time. I have already fulfilled and achieved my desired career so now, I will be able to give  them a hand everytime they need a comfort. ', 'July 11, 2016', '11:07:38 am', 1, 'URDA-0001'),
(11, 'Hello everyone! I created this group for the sake of our class. For any questions about our meetings or class lessons, please feel free to post it here. thank you!!', 'July 11, 2016', '02:40:08 pm', 2, 'URDA-0001'),
(12, 'Hello! Welcome to the group. This is created for the people who always want to drag other people down. Hope you can drag as many people as you want! LOL', 'July 11, 2016', '03:46:21 pm', 5, 'URDA-0001'),
(13, 'Hello po! ', 'July 11, 2016', '04:01:42 pm', 1, '13-UR-0001'),
(14, 'Para san po to?', 'July 11, 2016', '04:06:59 pm', 1, '13-UR-0111'),
(15, 'WALAAAAANNGG FFOOOORREVER!!!1', 'July 11, 2016', '04:09:10 pm', 2, '13-UR-0111'),
(16, 'Hi! This group is intended for those student who is new to programming. I hope this group can help you to become a pro soon.', 'July 15, 2016', '04:19:59 am', 4, 'URDA-0001'),
(17, 'Yeboseyo!''mememe', 'July 15, 2016', '03:07:42 pm', 1, '13-UR-0001'),
(18, 'asasa', 'August 7, 2016', '12:08:26 pm', 2, '13-UR-0001'),
(19, 'qwwqqqqqq', 'August 7, 2016', '12:20:38 pm', 1, '13-UR-0001');

-- --------------------------------------------------------

--
-- Table structure for table `messages`
--

CREATE TABLE IF NOT EXISTS `messages` (
  `ID` int(11) NOT NULL,
  `senderID` varchar(15) NOT NULL,
  `receiverID` varchar(15) NOT NULL,
  `message` text NOT NULL,
  `datesent` varchar(30) NOT NULL,
  `timesent` varchar(30) NOT NULL
) ENGINE=InnoDB AUTO_INCREMENT=23 DEFAULT CHARSET=latin1;

--
-- Dumping data for table `messages`
--

INSERT INTO `messages` (`ID`, `senderID`, `receiverID`, `message`, `datesent`, `timesent`) VALUES
(18, '13-UR-0001', '13-UR-0111', 'Mushi Mushi!', 'August 2, 2016', '03:28:04'),
(19, '13-UR-0099', '13-UR-0001', 'Kamusta kayo guys?', 'August 2, 2016', '03:33:17'),
(20, '13-UR-0099', '13-UR-0111', 'Kamusta kayo guys?', 'August 2, 2016', '03:33:17'),
(21, '13-UR-0001', 'URDA-0001', 'Mehehe! Talaga lang ahh! :3', 'August 8, 2016', '11:15:04'),
(22, 'URDA-0001', '13-UR-0001', 'HAhahah!!! wew', 'August 8, 2016', '11:23:46 am');

-- --------------------------------------------------------

--
-- Table structure for table `picgallery`
--

CREATE TABLE IF NOT EXISTS `picgallery` (
  `ID` int(11) NOT NULL,
  `caption` varchar(50) NOT NULL,
  `imgpath` text NOT NULL,
  `dateuploaded` varchar(30) NOT NULL,
  `timeuploaded` varchar(30) NOT NULL,
  `userLRN` varchar(15) NOT NULL
) ENGINE=InnoDB AUTO_INCREMENT=32 DEFAULT CHARSET=latin1;

--
-- Dumping data for table `picgallery`
--

INSERT INTO `picgallery` (`ID`, `caption`, `imgpath`, `dateuploaded`, `timeuploaded`, `userLRN`) VALUES
(7, '', 'D://xampp/htdocs/Prototype1/images/BeautyPlus_20160521185456_save.jpg', 'July 15, 2016', '04:18:23 pm', '13-UR-0001'),
(8, '', 'D://xampp/htdocs/Prototype1/images/BeautyPlus_20160521185624_save.jpg', 'July 15, 2016', '04:18:23 pm', '13-UR-0001'),
(9, '', 'D://xampp/htdocs/Prototype1/images/BeautyPlus_20160521185703_save.jpg', 'July 15, 2016', '04:18:23 pm', '13-UR-0001'),
(10, '', 'D://xampp/htdocs/Prototype1/images/BeautyPlus_20160521185809_save.jpg', 'July 15, 2016', '04:18:23 pm', '13-UR-0001'),
(11, '', 'D://xampp/htdocs/Prototype1/images/IMG_20150529_085818.jpg', 'July 15, 2016', '04:18:23 pm', '13-UR-0001'),
(12, '', 'D://xampp/htdocs/Prototype1/images/BeautyPlus_20160521185456_save.jpg', 'July 15, 2016', '04:19:28 pm', '13-UR-0001'),
(13, '', 'D://xampp/htdocs/Prototype1/images/BeautyPlus_20160521185624_save.jpg', 'July 15, 2016', '04:19:28 pm', '13-UR-0001'),
(14, '', 'D://xampp/htdocs/Prototype1/images/BeautyPlus_20160521185703_save.jpg', 'July 15, 2016', '04:19:28 pm', '13-UR-0001'),
(15, '', 'D://xampp/htdocs/Prototype1/images/BeautyPlus_20160521185809_save.jpg', 'July 15, 2016', '04:19:28 pm', '13-UR-0001'),
(16, '', 'D://xampp/htdocs/Prototype1/images/IMG_20150529_085818.jpg', 'July 15, 2016', '04:19:28 pm', '13-UR-0001'),
(17, 'Frustrating Beloved', 'D://xampp/htdocs/Prototype1/images/IMG_20150930_174134.jpg', 'July 15, 2016', '04:26:40 pm', '13-UR-0001'),
(18, 'Frustrating Beloved', 'D://xampp/htdocs/Prototype1/images/IMG_20150930_174140.jpg', 'July 15, 2016', '04:26:40 pm', '13-UR-0001'),
(19, 'Frustrating Beloved', 'D://xampp/htdocs/Prototype1/images/IMG_20150930_174140.jpg', 'July 15, 2016', '04:26:40 pm', '13-UR-0001'),
(20, 'Frustrating Beloved', 'D://xampp/htdocs/Prototype1/images/IMG_20150922_142712.jpg', 'July 15, 2016', '04:26:40 pm', '13-UR-0001'),
(21, 'Frustrating Beloved', 'D://xampp/htdocs/Prototype1/images/IMG_20151005_070506.jpg', 'July 15, 2016', '04:26:40 pm', '13-UR-0001'),
(22, '', 'D://xampp/htdocs/Prototype1/images/545909.jpg', 'August 2, 2016', '05:14:06 am', '13-UR-0001'),
(23, '', 'D://xampp/htdocs/Prototype1/images/yukine 2.png', 'August 2, 2016', '05:14:06 am', '13-UR-0001'),
(24, '', 'D://xampp/htdocs/Prototype1/images/kisa.jpg', 'August 2, 2016', '05:14:06 am', '13-UR-0001'),
(25, '', 'D://xampp/htdocs/Prototype1/images/Yukine.png', 'August 2, 2016', '05:14:07 am', '13-UR-0001'),
(26, '', 'D://xampp/htdocs/Prototype1/images/545909.jpg', 'August 2, 2016', '05:14:07 am', '13-UR-0001'),
(27, '', 'D://xampp/htdocs/Prototype1/images/IMG_20150529_085818.jpg', 'August 2, 2016', '01:10:20 pm', '13-UR-0001'),
(28, '', 'D://xampp/htdocs/Prototype1/images/IMG_20150529_085818.jpg', 'August 2, 2016', '01:11:38 pm', '13-UR-0001'),
(29, '', 'D://xampp/htdocs/Prototype1/images/IMG_20150711_182509.jpg', 'August 2, 2016', '01:11:48 pm', '13-UR-0001'),
(30, 'Always!!', 'D://xampp/htdocs/Prototype1/images/IMG_20150531_090503.jpg', 'August 2, 2016', '01:13:05 pm', '13-UR-0001'),
(31, '', 'D://xampp/htdocs/Prototype1/images/IMG_20150724_172847.jpg', 'August 2, 2016', '01:13:16 pm', '13-UR-0001');

-- --------------------------------------------------------

--
-- Table structure for table `post`
--

CREATE TABLE IF NOT EXISTS `post` (
  `ID` int(11) NOT NULL,
  `content` text NOT NULL,
  `dateposted` varchar(50) NOT NULL,
  `timeposted` varchar(30) NOT NULL,
  `userLRN` varchar(15) NOT NULL
) ENGINE=InnoDB AUTO_INCREMENT=112 DEFAULT CHARSET=latin1;

--
-- Dumping data for table `post`
--

INSERT INTO `post` (`ID`, `content`, `dateposted`, `timeposted`, `userLRN`) VALUES
(84, 'Hahaha. Ang ganda! O.o', 'July 4, 2016', '01:27:09 pm', '13-UR-0099'),
(85, 'Proud to be artist. :3', 'July 4, 2016', '01:27:48 pm', '13-UR-0111'),
(86, 'Huehue', 'July 4, 2016', '02:20:36 pm', '13-UR-0001'),
(87, 'Pillowtalk!!!', 'July 4, 2016', '02:29:13 pm', '13-UR-0001'),
(88, 'Youth by Troye Sivan FTW!', 'July 4, 2016', '02:30:41 pm', '13-UR-0001'),
(89, 'Katy Perry!', 'July 4, 2016', '02:32:39 pm', '13-UR-0099'),
(90, 'Goodnight', 'July 4, 2016', '03:08:24 pm', '16-UR-0052'),
(91, 'Wow naman.', 'July 4, 2016', '03:34:08 pm', '16-UR-0065'),
(93, 'We are working on a new Welcome page for XAMPP and we need your help! You can you can see the current version at Dashboard. We are improving our current "FAQs" and adding new "How to" guides. We posted some suggestions for new guides at ApacheFriends forum.', 'July 4, 2016', '03:37:49 pm', '16-UR-0065'),
(94, 'We are working on a new Welcome page for XAMPP and we need your help! You can you can see the current version at Dashboard. We are improving our current "FAQs" and adding new "How to" guides. We posted some suggestions for new guides at ApacheFriends forum', 'July 4, 2016', '03:38:54 pm', '16-UR-0065'),
(95, 'We are working on a new Welcome page for XAMPP and we need your help! You can you can see the current version at Dashboard. We are improving our current "FAQs" and adding new "How to" guides. We posted some suggestions for new guides at ApacheFriends forum. If you have any comments or', 'July 4, 2016', '03:39:10 pm', '16-UR-0065'),
(96, 'Hello!!!', 'July 10, 2016', '01:34:20 pm', 'URDA-0001'),
(100, 'Good morning everyone!', 'July 15, 2016', '04:18:54 am', 'URDA-0001'),
(101, 'Long time no see yow! Huehue', 'July 15, 2016', '05:18:21 am', '13-UR-0001'),
(102, 'Hi! My name is Mark. People often call me with different names that doesn''t even care me at all. I don''t know if they''re just mistaken of something or they just keep making nuisances at me. I just don''t care anyway. My existence doesn''t even shook up someone''s life - or should I just say, I''m nothing at all. Like a shadow whose shade will disappear when light touches it surface. Well, I can actually say that I''m used to it. Or just maybe. People always think that I''m okay with such naive things that they throw against me. I just can''t help it though because all that I can do is to smile. It''s like saying, "I''m okay with all those words. Is that all that you''ve got?", and I always ended up shutting myself up around the corner. Nobody even cared how much i feel. Not even my parents. Not even my friends. No one ever dared.', 'July 15, 2016', '03:02:47 pm', '13-UR-0001'),
(103, 'Me so serious. -,-''', 'July 16, 2016', '05:05:56 am', '16-UR-0052'),
(105, 'Hello everyone!', 'August 1, 2016', '07:25:39 am', '13-UR-0099'),
(108, 'Hi guys! Kamusta? ', 'August 7, 2016', '11:27:37 am', '13-UR-0111'),
(109, 'Hello! Kamusta?', 'August 7, 2016', '11:51:31 am', '16-UR-0074'),
(111, 'Kamusta na kayo? ', 'August 13, 2016', '09:45:20 am', '13-UR-0001');

-- --------------------------------------------------------

--
-- Table structure for table `profile`
--

CREATE TABLE IF NOT EXISTS `profile` (
  `userLRN` varchar(11) NOT NULL,
  `Fname` varchar(255) NOT NULL,
  `Lname` varchar(255) NOT NULL,
  `Mname` varchar(255) NOT NULL,
  `Sex` varchar(6) NOT NULL,
  `Address` varchar(255) NOT NULL,
  `Birthdate` varchar(100) NOT NULL,
  `Contactno` varchar(15) NOT NULL,
  `CivilStatus` varchar(20) NOT NULL
) ENGINE=InnoDB DEFAULT CHARSET=latin1;

--
-- Dumping data for table `profile`
--

INSERT INTO `profile` (`userLRN`, `Fname`, `Lname`, `Mname`, `Sex`, `Address`, `Birthdate`, `Contactno`, `CivilStatus`) VALUES
('13-UR-0001', 'Mark', 'Abrenica', 'Molina', 'Male', 'Villasis, Pangasinan', '1997-05-21', '09061349751', 'Single'),
('13-UR-0099', 'Karla', 'Delavente', 'Gapud', 'Female', 'Urdaneta', '1997-03-20', '09279228383', 'Married'),
('13-UR-0111', 'Ricky', 'Finez', 'Moteya', 'Male', 'Villasis, Pangasinan', '1997-08-08', '09771778282', 'Single'),
('15-UR-0136', 'Jose', 'Rizal', 'Protacio', 'Male', 'San Nicolas, Pangasinan', '2110-09-09', '09279228383', 'Single'),
('16-UR-0052', 'Dylan June', 'Paurido', 'May', 'Male', 'Urdaneta', '1990-12-12', '09278987617', 'Single'),
('16-UR-0065', 'Gerry', 'Grill', 'Sarado', 'Male', 'San Nicolas, Pangasinan', '1996-12-18', '09098987676', 'Single'),
('16-UR-0074', 'Mark', 'Abrenica', 'Molina', 'Male', 'Villasis, Pangasinan', '1997-12-12', '09098987876', 'Single'),
('URDA-0001', 'Michael D', 'Acosta', 'E', 'Male', 'Binalonan', '1990-01-12', '09098987861', 'Single'),
('URDA-0002', 'Mae', 'Litsi', 'Ko', 'Male', 'San Juan', '1990-05-22', '09098987876', 'Married'),
('URDA-0003', 'Karen', 'Santos', 'Leni', 'Male', 'Gapan', '1998-07-21', '09091234567', 'Widow'),
('URDA-0004', 'Jina', 'Santa', 'Ferrer', 'Male', 'Baguio', '1980-12-02', '09091991212', 'Single');

-- --------------------------------------------------------

--
-- Table structure for table `profilepic`
--

CREATE TABLE IF NOT EXISTS `profilepic` (
  `picID` int(11) NOT NULL,
  `path` text NOT NULL,
  `dateuploaded` varchar(30) NOT NULL,
  `timeuploaded` varchar(30) NOT NULL,
  `userLRN` varchar(15) NOT NULL
) ENGINE=InnoDB AUTO_INCREMENT=39 DEFAULT CHARSET=latin1;

--
-- Dumping data for table `profilepic`
--

INSERT INTO `profilepic` (`picID`, `path`, `dateuploaded`, `timeuploaded`, `userLRN`) VALUES
(21, 'D://xampp/htdocs/Prototype1/images/kisa.jpg', 'July 13, 2016', '02:52:52 pm', '13-UR-0099'),
(22, 'D://xampp/htdocs/Prototype1/images/IMG_20150617_111222.jpg', 'July 15, 2016', '03:27:16 am', '13-UR-0001'),
(23, 'D://xampp/htdocs/Prototype1/images/20160521_165824.jpg', 'July 15, 2016', '04:06:16 am', 'URDA-0001'),
(24, 'D://xampp/htdocs/Prototype1/images/IMG_20160518_112532.jpg', 'July 15, 2016', '04:11:01 am', 'URDA-0001'),
(25, 'D://xampp/htdocs/Prototype1/images/20160521_165824.jpg', 'July 16, 2016', '04:02:03 am', '13-UR-0001'),
(26, 'D://xampp/htdocs/Prototype1/images/IMG_20160519_165137.jpg', 'July 16, 2016', '04:10:43 am', '16-UR-0052'),
(27, 'D://xampp/htdocs/Prototype1/images/IMG_20160519_165009.jpg', 'July 16, 2016', '04:12:42 am', '16-UR-0052'),
(28, 'D://xampp/htdocs/Prototype1/images/IMG_20160513_142748.jpg', 'July 16, 2016', '04:13:58 am', '16-UR-0052'),
(29, 'D://xampp/htdocs/Prototype1/images/IMG_20160516_174200.jpg', 'July 16, 2016', '04:14:28 am', '16-UR-0052'),
(30, 'D://xampp/htdocs/Prototype1/images/yukine 2.png', 'August 1, 2016', '04:55:55 am', '13-UR-0111'),
(31, 'D://xampp/htdocs/Prototype1/images/kisa.jpg', 'August 2, 2016', '05:02:20 am', '16-UR-0074'),
(32, 'D://xampp/htdocs/Prototype1/images/IMG_20150529_085818.jpg', 'August 7, 2016', '07:53:09 am', '13-UR-0001'),
(33, 'D://xampp/htdocs/Prototype1/images/IMG_20150531_090503.jpg', 'August 7, 2016', '07:56:44 am', '13-UR-0001'),
(34, 'D://xampp/htdocs/Prototype1/images/IMG_20150617_111222.jpg', 'August 7, 2016', '11:51:57 am', '16-UR-0074'),
(35, 'D://xampp/htdocs/Prototype1/images/IMG_20150531_091620.jpg', 'August 8, 2016', '11:11:25 am', '13-UR-0001'),
(36, 'D://xampp/htdocs/Prototype1/images/IMG_20150711_182509.jpg', 'August 9, 2016', '12:34:35 pm', '16-UR-0074'),
(37, 'D://xampp/htdocs/Prototype1/images/IMG_20160210_101353.jpg', 'August 13, 2016', '05:09:21 am', '13-UR-0099'),
(38, 'D://xampp/htdocs/Prototype1/images/20160521_165935.jpg', 'August 13, 2016', '09:03:20 am', '13-UR-0001');

-- --------------------------------------------------------

--
-- Table structure for table `reply`
--

CREATE TABLE IF NOT EXISTS `reply` (
  `ID` int(11) NOT NULL,
  `replycontent` varchar(200) NOT NULL,
  `datereplied` varchar(50) NOT NULL,
  `timereplied` varchar(50) NOT NULL,
  `commentID` int(11) NOT NULL,
  `userLRN` varchar(15) NOT NULL
) ENGINE=InnoDB AUTO_INCREMENT=72 DEFAULT CHARSET=latin1;

--
-- Dumping data for table `reply`
--

INSERT INTO `reply` (`ID`, `replycontent`, `datereplied`, `timereplied`, `commentID`, `userLRN`) VALUES
(43, 'LUL', 'July 4, 2016', '03:18:19 pm', 5, '16-UR-0052'),
(44, '', 'July 4, 2016', '03:18:22 pm', 5, '16-UR-0052'),
(45, 'Hahaaha hindi naman :3', 'July 6, 2016', '12:14:19 pm', 4, '13-UR-0001'),
(46, 'Bakit ba? Hahaha', 'July 6, 2016', '12:15:18 pm', 9, '13-UR-0001'),
(47, 'asdf', 'July 10, 2016', '02:02:10 pm', 11, 'URDA-0001'),
(48, 'Wala lang daw. hahaha', 'July 13, 2016', '02:54:21 pm', 10, '13-UR-0099'),
(49, 'Oyatsumi!!', 'July 16, 2016', '04:56:45 am', 8, '16-UR-0052'),
(50, 'Tangset!''', 'July 16, 2016', '05:05:11 am', 20, '16-UR-0052'),
(56, 'Kamusta?', 'August 2, 2016', '12:03:39 pm', 44, '13-UR-0001'),
(58, 'gaggaga', 'August 2, 2016', '12:11:15 pm', 42, '13-UR-0001'),
(59, 'Bkit?', 'August 7, 2016', '10:12:13 am', 55, '13-UR-0001'),
(60, 'Mehehe', 'August 7, 2016', '10:12:20 am', 55, '13-UR-0001'),
(64, 'asasasa', 'August 7, 2016', '12:12:41 pm', 62, '13-UR-0001'),
(67, 'Ang sad naman T.T', 'August 9, 2016', '12:15:16 pm', 60, '13-UR-0001'),
(68, 'Huehue', 'August 9, 2016', '12:16:08 pm', 60, '13-UR-0001'),
(69, 'qwerty', 'August 13, 2016', '03:20:14 pm', 64, '13-UR-0001'),
(70, 'asdf', 'August 13, 2016', '05:51:36 pm', 64, '13-UR-0001'),
(71, 'wert', 'August 13, 2016', '05:52:07 pm', 64, '13-UR-0001');

-- --------------------------------------------------------

--
-- Table structure for table `reply_announcement`
--

CREATE TABLE IF NOT EXISTS `reply_announcement` (
  `ID` int(11) NOT NULL,
  `replycontent` varchar(200) NOT NULL,
  `datereplied` varchar(30) NOT NULL,
  `timereplied` int(30) NOT NULL,
  `commentID` int(11) NOT NULL,
  `userLRN` varchar(15) NOT NULL
) ENGINE=InnoDB AUTO_INCREMENT=9 DEFAULT CHARSET=latin1;

--
-- Dumping data for table `reply_announcement`
--

INSERT INTO `reply_announcement` (`ID`, `replycontent`, `datereplied`, `timereplied`, `commentID`, `userLRN`) VALUES
(2, 'Oh? Bakit daw?', 'August 1, 2016', 9, 7, 'URDA-0001'),
(3, 'ehh?', 'August 1, 2016', 9, 7, 'URDA-0001'),
(4, 'asasas', 'August 1, 2016', 9, 7, 'URDA-0001'),
(6, 'mehehee', 'August 13, 2016', 11, 10, '13-UR-0099'),
(7, 'asasasa', 'August 13, 2016', 11, 10, '13-UR-0099');

-- --------------------------------------------------------

--
-- Table structure for table `reply_dept`
--

CREATE TABLE IF NOT EXISTS `reply_dept` (
  `ID` int(11) NOT NULL,
  `replycontent` varchar(200) NOT NULL,
  `datereplied` varchar(30) NOT NULL,
  `timereplied` varchar(30) NOT NULL,
  `commentID` int(11) NOT NULL,
  `userLRN` varchar(15) NOT NULL
) ENGINE=InnoDB AUTO_INCREMENT=9 DEFAULT CHARSET=latin1;

--
-- Dumping data for table `reply_dept`
--

INSERT INTO `reply_dept` (`ID`, `replycontent`, `datereplied`, `timereplied`, `commentID`, `userLRN`) VALUES
(5, 'Truee!', 'August 13, 2016', '10:38:33 am', 3, '13-UR-0001'),
(6, 'Mehehehe', 'August 13, 2016', '10:56:30 am', 8, '13-UR-0001'),
(7, 'qwert', 'August 13, 2016', '12:50:36 pm', 13, '16-UR-0074');

-- --------------------------------------------------------

--
-- Table structure for table `reply_group`
--

CREATE TABLE IF NOT EXISTS `reply_group` (
  `ID` int(11) NOT NULL,
  `replycontent` varchar(200) NOT NULL,
  `datereplied` varchar(30) NOT NULL,
  `timereplied` varchar(30) NOT NULL,
  `commentID` int(11) NOT NULL,
  `userID` varchar(15) NOT NULL
) ENGINE=InnoDB AUTO_INCREMENT=13 DEFAULT CHARSET=latin1;

--
-- Dumping data for table `reply_group`
--

INSERT INTO `reply_group` (`ID`, `replycontent`, `datereplied`, `timereplied`, `commentID`, `userID`) VALUES
(1, 'Bakit?', 'July 11, 2016', '01:32:33 pm', 1, 'URDA-0001'),
(3, 'asdf', 'July 11, 2016', '01:42:27 pm', 2, 'URDA-0001'),
(4, 'asdf', 'July 11, 2016', '01:48:42 pm', 2, 'URDA-0001'),
(5, 'wert', 'July 11, 2016', '01:50:19 pm', 2, 'URDA-0001'),
(7, 'Kamusta po?', 'July 11, 2016', '02:02:46 pm', 7, 'URDA-0001'),
(8, 'Para masaya. Mehehe', 'July 15, 2016', '05:11:47 am', 5, '13-UR-0001'),
(9, 'Meheheh!!', 'August 9, 2016', '01:42:42 pm', 9, 'URDA-0001');

-- --------------------------------------------------------

--
-- Table structure for table `userlrn`
--

CREATE TABLE IF NOT EXISTS `userlrn` (
  `ID` int(11) NOT NULL,
  `LRN` varchar(15) NOT NULL
) ENGINE=InnoDB AUTO_INCREMENT=2999 DEFAULT CHARSET=latin1;

--
-- Dumping data for table `userlrn`
--

INSERT INTO `userlrn` (`ID`, `LRN`) VALUES
(11, '16-UR-0052'),
(12, '16-UR-0065'),
(13, '16-UR-0074'),
(14, '16-UR-0073'),
(15, '16-UR-0057'),
(16, '16-UR-0075'),
(17, '16-UR-0063'),
(18, '16-UR-0027'),
(19, '16-UR-0059'),
(20, '15-UR-0454'),
(21, '15-UR-0439'),
(22, '15-UR-0492'),
(23, '15-UR-0550'),
(24, '15-UR-1106'),
(25, '15-UR-0452'),
(26, '15-UR-0485'),
(27, '15-UR-0497'),
(28, '15-UR-1128'),
(29, '15-UR-0476'),
(30, '15-UR-1095'),
(31, '15-UR-0546'),
(32, '15-UR-0473'),
(33, '15-UR-0482'),
(34, '15-UR-0533'),
(35, '15-UR-0511'),
(36, '15-UR-0470'),
(37, '15-UR-0457'),
(38, '15-UR-0446'),
(39, '15-UR-0549'),
(40, '15-UR-0556'),
(41, '15-UR-0530'),
(42, '15-UR-0555'),
(43, '15-UR-0436'),
(44, '15-UR-0531'),
(45, '15-UR-0495'),
(46, '15-UR-0693'),
(47, '15-UR-0456'),
(48, '15-UR-0523'),
(49, '15-UR-0513'),
(50, '15-UR-0538'),
(51, '15-UR-0560'),
(52, '15-UR-0438'),
(53, '15-UR-0496'),
(54, '15-UR-0491'),
(55, '15-UR-0445'),
(56, '15-UR-0557'),
(57, '15-UR-0545'),
(58, '15-UR-1127'),
(59, '15-UR-0440'),
(60, '15-UR-0468'),
(61, '15-UR-1085'),
(62, '15-UR-0499'),
(63, '15-UR-0461'),
(64, '15-UR-0460'),
(65, '15-UR-0451'),
(66, '15-UR-0449'),
(67, '15-UR-0479'),
(68, '15-UR-0481'),
(69, '15-UR-1042'),
(70, '15-UR-0537'),
(71, '15-UR-0469'),
(72, '15-UR-0504'),
(73, '15-UR-0551'),
(74, '15-UR-0480'),
(75, '15-UR-0464'),
(76, '15-UR-0536'),
(77, '15-UR-0507'),
(78, '15-UR-0450'),
(79, '15-UR-0543'),
(80, '15-UR-0453'),
(81, '14-UR-0670'),
(82, '14-UR-0483'),
(83, '14-UR-0710'),
(84, '14-UR-0610'),
(85, '14-UR-0561'),
(86, '14-UR-0459'),
(87, '14-UR-0580'),
(88, '14-UR-0486'),
(89, '14-UR-0594'),
(90, '14-UR-0488'),
(91, '14-UR-0618'),
(92, '14-UR-0650'),
(93, '14-UR-0601'),
(94, '14-UR-0808'),
(95, '14-UR-0532'),
(96, '14-UR-0632'),
(97, '14-UR-0673'),
(98, '14-UR-0462'),
(99, '14-UR-0556'),
(100, '14-UR-0626'),
(101, '14-UR-0533'),
(102, '14-UR-0447'),
(103, ' 14-UR-0641'),
(104, '14-UR-0633'),
(105, '14-UR-0582'),
(106, '14-UR-0577'),
(107, '14-UR-0702'),
(108, '14-UR-0600'),
(109, '14-UR-0452'),
(110, '14-UR-0472'),
(111, '14-UR-0635'),
(112, '14-UR-0583'),
(113, '14-UR-0925'),
(114, '14-UR-0649'),
(115, '13-UR-0572'),
(116, '13-UR-0694'),
(117, '13-UR-0700'),
(118, '13-UR-0743'),
(119, '13-UR-0533'),
(120, '13-UR-0583'),
(121, '13-UR-0689'),
(122, '13-UR-0814'),
(123, '13-UR-0647'),
(124, '13-UR-0764'),
(125, '13-UR-0540'),
(126, '13-UR-0633'),
(127, '13-UR-0649'),
(128, '13-UR-0737'),
(129, '13-UR-0592'),
(130, '13-UR-0568'),
(131, '13-UR-0742'),
(132, '13-UR-0580'),
(133, '13-UR-0530'),
(134, '13-UR-0596'),
(135, '13-UR-0877'),
(136, '13-UR-0520'),
(137, '13-UR-0558'),
(138, '13-UR-0590'),
(139, '13-UR-0827'),
(140, '12-UR-0676'),
(141, '12-UR-0632'),
(142, '12-UR-0729'),
(143, '12-UR-0152'),
(144, '12-UR-0535'),
(145, '12-UR-0788'),
(146, '12-UR-0565'),
(147, '12-UR-0677'),
(148, '12-UR-0583'),
(149, '12-UR-0582'),
(150, '12-UR-0684'),
(151, '12-UR-0675'),
(152, '12-UR-0828'),
(153, '12-UR-0491'),
(154, '12-UR-0361'),
(155, '12-UR-0612'),
(156, '12-UR-0727'),
(157, '12-UR-0834'),
(158, '12-UR-0591'),
(159, '11-UR-1488'),
(160, '11-UR-1477'),
(161, '11-UR-0974'),
(162, '11-UR-1473'),
(163, '11-UR-1478'),
(164, '11-UR-1493'),
(165, '11-UR-1474'),
(166, '11-UR-1472'),
(167, '11-UR-1738'),
(168, '11-UR-1475'),
(169, '11-UR-1729'),
(170, '11-UR-1467'),
(171, '11-UR-1479'),
(172, '11-UR-1490'),
(173, '11-UR-1469'),
(174, '11-UR-1501'),
(175, '10-UR-0578'),
(176, '10-UR-0607'),
(177, '09-UR-MATH022'),
(178, '09-UR-ARCHI007'),
(179, '09-UR-ARCHI034'),
(180, '09-UR-ARCHI025'),
(181, '09-UR-ARCHI022'),
(182, '08-UR-0006'),
(183, '07-UR-0039'),
(184, '16-UR-0003'),
(185, '16-UR-0004'),
(186, '16-UR-0051'),
(187, '16-UR-0011'),
(188, '16-UR-0025'),
(189, '16-UR-0056'),
(190, '15-UR-0910'),
(191, '15-UR-0759'),
(192, '15-UR-0926'),
(193, '15-UR-0770'),
(194, '15-UR-0782'),
(195, '15-UR-0934'),
(196, '15-UR-0715'),
(197, '15-UR-0769'),
(198, '15-UR-0848'),
(199, '15-UR-0791'),
(200, '15-UR-0781'),
(201, '15-UR-0708'),
(202, '15-UR-0745'),
(203, '15-UR-0755'),
(204, '15-UR-0822'),
(205, '15-UR-0756'),
(206, '15-UR-0847'),
(207, '15-UR-0840'),
(208, '15-UR-0742'),
(209, '15-UR-0839'),
(210, '15-UR-0741'),
(211, '15-UR-0846'),
(212, '15-UR-0703'),
(213, '15-UR-0905'),
(214, '15-UR-0895'),
(215, '15-UR-1111'),
(216, '15-UR-0762'),
(217, '15-UR-0806'),
(218, '15-UR-0748'),
(219, '15-UR-0866'),
(220, '15-UR-0696'),
(221, '15-UR-0929'),
(222, '15-UR-0777'),
(223, '15-UR-0896'),
(224, '15-UR-0774'),
(225, '15-UR-0738'),
(226, '15-UR-0705'),
(227, '15-UR-0922'),
(228, '15-UR-0842'),
(229, '15-UR-0915'),
(230, '15-UR-0899'),
(231, '15-UR-0722'),
(232, '15-UR-0716'),
(233, '15-UR-0697'),
(234, '15-UR-0809'),
(235, '15-UR-0783'),
(236, '15-UR-0880'),
(237, '15-UR-0858'),
(238, '15-UR-0709'),
(239, '15-UR-0882'),
(240, '15-UR-0891'),
(241, '15-UR-0843'),
(242, '15-UR-1129'),
(243, '15-UR-1089'),
(244, '15-UR-0727'),
(245, '15-UR-0700'),
(246, '15-UR-0711'),
(247, '15-UR-0768'),
(248, '15-UR-0900'),
(249, '15-UR-0884'),
(250, '15-UR-0885'),
(251, '15-UR-0864'),
(252, '15-UR-0776'),
(253, '15-UR-0754'),
(254, '15-UR-0855'),
(255, '15-UR-0854'),
(256, '15-UR-0726'),
(257, '15-UR-0803'),
(258, '15-UR-0746'),
(259, '15-UR-0744'),
(260, '15-UR-1126'),
(261, '15-UR-0736'),
(262, '15-UR-0919'),
(263, '15-UR-0889'),
(264, '15-UR-0807'),
(265, '15-UR-0752'),
(266, '15-UR-0890'),
(267, '15-UR-0725'),
(268, '15-UR-0698'),
(269, '15-UR-0869'),
(270, '15-UR-0821'),
(271, '15-UR-0764'),
(272, '15-UR-0699'),
(273, '15-UR-0876'),
(274, '15-UR-0823'),
(275, '15-UR-0867'),
(276, '15-UR-0702'),
(277, '15-UR-1073'),
(278, '15-UR-0799'),
(279, '14-UR-0042'),
(280, '14-UR-0724'),
(281, '14-UR-0800'),
(282, '14-UR-0021'),
(283, '14-UR-0046'),
(284, '14-UR-0175'),
(285, '14-UR-0096'),
(286, '14-UR-0014'),
(287, '14-UR-0005'),
(288, '14-UR-0015'),
(289, '14-UR-0022'),
(290, '14-UR-0145'),
(291, '14-UR-0156'),
(292, '14-UR-0729'),
(293, '14-UR-0146'),
(294, '14-UR-0140'),
(295, '14-UR-0144'),
(296, '14-UR-0002'),
(297, '14-UR-0113'),
(298, '14-UR-0794'),
(299, '14-UR-0076'),
(300, '14-UR-0226'),
(301, '14-UR-0810'),
(302, '14-UR-0131'),
(303, '14-UR-0068'),
(304, '14-UR-0719'),
(305, '14-UR-0011'),
(306, '14-UR-0872'),
(307, '14-UR-0722'),
(308, '14-UR-0301'),
(309, '14-UR-0775'),
(310, '14-UR-0148'),
(311, '14-UR-0139'),
(312, '14-UR-0493'),
(313, '14-UR-0117'),
(314, '14-UR-0181'),
(315, '14-UR-0100'),
(316, '14-UR-0125'),
(317, '14-UR-0225'),
(318, '14-UR-0053'),
(319, '14-UR-0232'),
(320, '14-UR-0763'),
(321, '14-UR-0107'),
(322, '13-UR-0272'),
(323, '13-UR-0370'),
(324, '13-UR-0396'),
(325, '13-UR-0881'),
(326, '13-UR-0367'),
(327, '13-UR-0225'),
(328, '13-UR-0750'),
(329, '13-UR-0232'),
(330, '13-UR-0175'),
(331, '13-UR-0231'),
(332, '13-UR-0896'),
(333, '13-UR-0237'),
(334, '13-UR-0252'),
(335, '13-UR-0200'),
(336, '13-UR-0421'),
(337, '13-UR-0227'),
(338, '13-UR-0484'),
(339, '13-UR-0335'),
(340, '13-UR-0890'),
(341, '13-UR-0270'),
(342, '13-UR-0236'),
(343, '13-UR-0368'),
(344, '13-UR-0766'),
(345, '13-UR-0323'),
(346, '13-UR-0892'),
(347, '13-UR-0254'),
(348, '13-UR-0751'),
(349, '13-UR-0375'),
(350, '12-UR-0194'),
(351, '12-UR-0206'),
(352, '12-UR-176'),
(353, '12-UR-0273'),
(354, '12-UR-0192'),
(355, '12-UR-0330'),
(356, '12-UR-0354'),
(357, '12-UR-0268'),
(358, '12-UR-0159'),
(359, '12-UR-0738'),
(360, '12-UR-0274'),
(361, '12-UR-0450'),
(362, '12-UR-0796'),
(363, '12-UR-0198'),
(364, '12-UR-0318'),
(365, '12-UR-0430'),
(366, '12-UR-0165'),
(367, '12-UR-0182'),
(368, '12-UR-0328'),
(369, '12-UR-0193'),
(370, '12-UR-0229'),
(371, '12-UR-0666'),
(372, '12-UR-0418'),
(373, '12-UR-0859'),
(374, '12-UR-0247'),
(375, '12-UR-0312'),
(376, '12-UR-0188'),
(377, '12-UR-0331'),
(378, '12-UR-0177'),
(379, '12-UR-0187'),
(380, '12-UR-0409'),
(381, '12-UR-0391'),
(382, '12-UR-0397'),
(383, '12-UR-0161'),
(384, '11-UR-1455'),
(385, '11-UR-1408'),
(386, '11-UR-1777'),
(387, '11-UR-1433'),
(388, '11-UR-1431'),
(389, '11-UR-1439'),
(390, '11-UR-1705'),
(391, '11-UR-1425'),
(392, '11-UR-1414'),
(393, '11-UR-1447'),
(394, '11-UR-1413'),
(395, '11-UR-1419'),
(396, '11-UR-1434'),
(397, '11-UR-1427'),
(398, '11-UR-1464'),
(399, '11-UR-1437'),
(400, '11-UR-1772'),
(401, '11-UR-1692'),
(402, '11-UR-1411'),
(403, '11-UR-1423'),
(404, '11-UR-1432'),
(405, '11-UR-1409'),
(406, '11-UR-1412'),
(407, '11-UR-1416'),
(408, '11-UR-1415'),
(409, '11-UR-1440'),
(410, '10-UR-0338'),
(411, '10-UR-0756'),
(412, '10-UR-0436'),
(413, '10-UR-0212'),
(414, '10-UR-0818'),
(415, '10-UR-0404'),
(416, '10-UR-0733'),
(417, '10-UR-0315'),
(418, '10-UR-0379'),
(419, '10-UR-0302'),
(420, '10-UR-0697'),
(421, '10-UR-0798'),
(422, '10-UR-0299'),
(423, '08-UR-0022'),
(424, '08-UR-0219'),
(425, '09-UR-COE024'),
(426, '09-UR-COE136'),
(427, '09-UR-COE034'),
(428, '09-UR-COE036'),
(429, '09-UR-COE002'),
(430, '04-UR-0077'),
(431, '09-UR-COE078'),
(432, '09-UR-COE094'),
(433, '09-UR-COE097'),
(434, '07-UR-0081'),
(435, '09-UR-COE131'),
(436, '09-UR-COE119'),
(437, '16-UR-0058'),
(438, '16-UR-0022'),
(439, '15-UR-0348'),
(440, '15-UR-0389'),
(441, '15-UR-0295'),
(442, '15-UR-0225'),
(443, '15-UR-0396'),
(444, '15-UR-0284'),
(445, '15-UR-0327'),
(446, '15-UR-0394'),
(447, '15-UR-0558'),
(448, '15-UR-0318'),
(449, '15-UR-0321'),
(450, '15-UR-0373'),
(451, '15-UR-0413'),
(452, '15-UR-0386'),
(453, '15-UR-0296'),
(454, '15-UR-0369'),
(455, '15-UR-0243'),
(456, '15-UR-0270'),
(457, '15-UR-0370'),
(458, '15-UR-0393'),
(459, '15-UR-0901'),
(460, '15-UR-0319'),
(461, '15-UR-1067'),
(462, '15-UR-0917'),
(463, '15-UR-0322'),
(464, '15-UR-0692'),
(465, '15-UR-0365'),
(466, '15-UR-0395'),
(467, '15-UR-0553'),
(468, '15-UR-0382'),
(469, '15-UR-0309'),
(470, '15-UR-0422'),
(471, '15-UR-0310'),
(472, '15-UR-0253'),
(473, '15-UR-0645'),
(474, '15-UR-0390'),
(475, '15-UR-0995'),
(476, '15-UR-0343'),
(477, '15-UR-1036'),
(478, '15-UR-0277'),
(479, '15-UR-0837'),
(480, '15-UR-0354'),
(481, '15-UR-0262'),
(482, '15-UR-0245'),
(483, '15-UR-0417'),
(484, '15-UR-0305'),
(485, '15-UR-0239'),
(486, '15-UR-0303'),
(487, '15-UR-0670'),
(488, '15-UR-0287'),
(489, '15-UR-0248'),
(490, '15-UR-0257'),
(491, '15-UR-0357'),
(492, '15-UR-0242'),
(493, '15-UR-0472'),
(494, '15-UR-0361'),
(495, '15-UR-0364'),
(496, '15-UR-0529'),
(497, '15-UR-0411'),
(498, '15-UR-0474'),
(499, '15-UR-0323'),
(500, '15-UR-0285'),
(501, '15-UR-0292'),
(502, '15-UR-0414'),
(503, '15-UR-0399'),
(504, '15-UR-0367'),
(505, '15-UR-0510'),
(506, '15-UR-0238'),
(507, '15-UR-0264'),
(508, '15-UR-0280'),
(509, '15-UR-1066'),
(510, '15-UR-0278'),
(511, '15-UR-0418'),
(512, '15-UR-0341'),
(513, '15-UR-0358'),
(514, '15-UR-0383'),
(515, '15-UR-0317'),
(516, '15-UR-0247'),
(517, '15-UR-0234'),
(518, '15-UR-0283'),
(519, '15-UR-0371'),
(520, '15-UR-0314'),
(521, '15-UR-1049'),
(522, '15-UR-0379'),
(523, '15-UR-0293'),
(524, '15-UR-0236'),
(525, '15-UR-0276'),
(526, '15-UR-0226'),
(527, '15-UR-0320'),
(528, '15-UR-0324'),
(529, '15-UR-0282'),
(530, '15-UR-0326'),
(531, '15-UR-0252'),
(532, '15-UR-0230'),
(533, '15-UR-0241'),
(534, '15-UR-0298'),
(535, '15-UR-0294'),
(536, '15-UR-0224'),
(537, '15-UR-0299'),
(538, '15-UR-0380'),
(539, '15-UR-0302'),
(540, '15-UR-0291'),
(541, '15-UR-0420'),
(542, '15-UR-0244'),
(543, '15-UR-0231'),
(544, '14-UR-0442'),
(545, '14-UR-0369'),
(546, '14-UR-0282'),
(547, '14-UR-0434'),
(548, '14-UR-0744'),
(549, '14-UR-0328'),
(550, '14-UR-0333'),
(551, '14-UR-0340'),
(552, '14-UR-0304'),
(553, '14-UR-0296'),
(554, '14-UR-0788'),
(555, '14-UR-0873'),
(556, '14-UR-0844'),
(557, '14-UR-0843'),
(558, '14-UR-0371'),
(559, '14-UR-0420'),
(560, '14-UR-0363'),
(561, '14-UR-0899'),
(562, '14-UR-0761'),
(563, '14-UR-0313'),
(564, '14-UR-0714'),
(565, '14-UR-0853'),
(566, '14-UR-0372'),
(567, '14-UR-0352'),
(568, '14-UR-0759'),
(569, '14-UR-0904'),
(570, '14-UR-0256'),
(571, '14-UR-0377'),
(572, '14-UR-0941'),
(573, '14-UR-0311'),
(574, '14-UR-0288'),
(575, '14-UR-0286'),
(576, '14-UR-0571'),
(577, '14-UR-0279'),
(578, '14-UR-0953'),
(579, '14-UR-0425'),
(580, '14-UR-0762'),
(581, '14-UR-0783'),
(582, '14-UR-0805'),
(583, '14-UR-0294'),
(584, '14-UR-0867'),
(585, '14-UR-0255'),
(586, '14-UR-0289'),
(587, '14-UR-0365'),
(588, '14-UR-0362'),
(589, '14-UR-0811'),
(590, '14-UR-0707'),
(591, '14-UR-0878'),
(592, '14-UR-0792'),
(593, '14-UR-0265'),
(594, '14-UR-0343'),
(595, '14-UR-0937'),
(596, '14-UR-0176'),
(597, '14-UR-0048'),
(598, '14-UR-0252'),
(599, '14-UR-0305'),
(600, '14-UR-0837'),
(601, '14-UR-0356'),
(602, '14-UR-0292'),
(603, '14-UR-0777'),
(604, '14-UR-0299'),
(605, '14-UR-0740'),
(606, '14-UR-0431'),
(607, '14-UR-0793'),
(608, '14-UR-0404'),
(609, '14-UR-0342'),
(610, '14-UR-0832'),
(611, '14-UR-0001'),
(612, '13-UR-0312'),
(613, '13-UR-0172'),
(614, '13-UR-0167'),
(615, '13-UR-0490'),
(616, '13-UR-0248'),
(617, '13-UR-0821'),
(618, '13-UR-0898'),
(619, '13-UR-0235'),
(620, '13-UR-0518'),
(621, '13-UR-0293'),
(622, '13-UR-0181'),
(623, '13-UR-0230'),
(624, '13-UR-0296'),
(625, '13-UR-0333'),
(626, '13-UR-0437'),
(627, '13-UR-0420'),
(628, '13-UR-0332'),
(629, '13-UR-0191'),
(630, '13-UR-0290'),
(631, '13-UR-0382'),
(632, '13-UR-0208'),
(633, '13-UR-0202'),
(634, '13-UR-0712'),
(635, '13-UR-0311'),
(636, '13-UR-0347'),
(637, '13-UR-0926'),
(638, '13-UR-0360'),
(639, '13-UR-0213'),
(640, '13-UR-0427'),
(641, '13-UR-0785'),
(642, '13-UR-0319'),
(643, '13-UR-0705'),
(644, '13-UR-0405'),
(645, '13-UR-0188'),
(646, '13-UR-0205'),
(647, '13-UR-0452'),
(648, '13-UR-0182'),
(649, '13-UR-0317'),
(650, '13-UR-0462'),
(651, '13-UR-0186'),
(652, '13-UR-0201'),
(653, '13-UR-0214'),
(654, '13-UR-0292'),
(655, '13-UR-0505'),
(656, '13-UR-0755'),
(657, '98-4181'),
(658, '13-UR-0359'),
(659, '13-UR-0193'),
(660, '13-UR-0404'),
(661, '13-UR-0256'),
(662, '12-UR-0719'),
(663, '12-UR-0189'),
(664, '12-UR-0207'),
(665, '12-UR-0706'),
(666, '12-UR-0237'),
(667, '12-UR-0281'),
(668, '12-UR-0802'),
(669, '12-UR-0170'),
(670, '12-UR-0157'),
(671, '12-UR-0272'),
(672, '12-UR-0654'),
(673, '12-UR-0220'),
(674, '12-UR-0322'),
(675, '12-UR-0368'),
(676, '12-UR-0162'),
(677, '12-UR-0466'),
(678, '12-UR-0340'),
(679, '12-UR-0332'),
(680, '12-UR-0307'),
(681, '12-UR-0302'),
(682, '12-UR-0169'),
(683, '12-UR-0766'),
(684, '12-UR-0205'),
(685, '12-UR-0341'),
(686, '12-UR-0313'),
(687, '11-UR-1371'),
(688, '11-UR-1697'),
(689, '11-UR-1401'),
(690, '11-UR-1351'),
(691, '11-UR-1394'),
(692, '11-UR-1778'),
(693, '11-UR-1358'),
(694, '11-UR-1753'),
(695, '11-UR-1359'),
(696, '11-UR-1382'),
(697, '11-UR-1750'),
(698, '11-UR-2075'),
(699, '11-UR-1404'),
(700, '11-UR-1388'),
(701, '11-UR-1370'),
(702, '11-UR-1363'),
(703, '11-UR-1346'),
(704, '11-UR-1348'),
(705, '11-UR-1747'),
(706, '11-UR-1389'),
(707, '11-UR-1393'),
(708, '11-UR-1362'),
(709, '11-UR-1349'),
(710, '11-UR-1385'),
(711, '11-UR-1357'),
(712, '11-UR-1395'),
(713, '10-UR-0408'),
(714, '10-UR-0228'),
(715, '10-UR-0443'),
(716, '10-UR-0473'),
(717, '10-UR-0658'),
(718, '10-UR-0424'),
(719, '10-UR-0292'),
(720, '10-UR-0296'),
(721, '10-UR-0246'),
(722, '10-UR-0665'),
(723, '10-UR-0370'),
(724, '10-UR-0273'),
(725, '10-UR-0353'),
(726, '10-UR-0268'),
(727, '10-UR-0283'),
(728, '10-UR-0668'),
(729, '10-UR-0218'),
(730, '10-UR-0329'),
(731, '10-UR-0493'),
(732, '09-UR-EE094'),
(733, '09-UR-COE008'),
(734, '09-UR-EE088'),
(735, '09-UR-EE087'),
(736, '09-UR-MATH019'),
(737, '09-UR-EE062'),
(738, '09-UR-COE099'),
(739, '09-UR-EE077'),
(740, '08-UR-0112'),
(741, '08-UR-0348'),
(742, '08-UR-0036'),
(743, '06-UR-378'),
(744, '16-UR-0050'),
(745, '16-UR-0026'),
(746, '16-UR-0029'),
(747, '16-UR-0055'),
(748, '15-UR-0971'),
(749, '15-UR-0963'),
(750, '15-UR-1009'),
(751, '15-UR-0983'),
(752, '15-UR-0961'),
(753, '15-UR-0987'),
(754, '15-UR-1123'),
(755, '15-UR-0978'),
(756, '15-UR-0958'),
(757, '15-UR-0979'),
(758, '15-UR-0967'),
(759, '15-UR-1100'),
(760, '15-UR-0950'),
(761, '15-UR-0951'),
(762, '15-UR-1003'),
(763, '15-UR-1005'),
(764, '15-UR-1008'),
(765, '15-UR-0943'),
(766, '15-UR-0942'),
(767, '15-UR-1082'),
(768, '15-UR-0952'),
(769, '15-UR-0941'),
(770, '15-UR-0953'),
(771, '15-UR-1060'),
(772, '15-UR-0982'),
(773, '15-UR-0962'),
(774, '15-UR-0993'),
(775, '15-UR-1022'),
(776, '15-UR-1061'),
(777, '15-UR-1105'),
(778, '15-UR-1071'),
(779, '15-UR-0959'),
(780, '15-UR-0986'),
(781, '15-UR-1065'),
(782, '15-UR-1074'),
(783, '14-UR-0539'),
(784, '14-UR-0516'),
(785, '14-UR-0519'),
(786, '14-UR-0499'),
(787, '14-UR-0541'),
(788, '14-UR-0696'),
(789, '14-UR-0652'),
(790, '14-UR-0717'),
(791, '14-UR-0480'),
(792, '14-UR-0718'),
(793, '14-UR-0629'),
(794, '14-UR-0621'),
(795, '14-UR-0508'),
(796, '14-UR-0666'),
(797, '14-UR-0599'),
(798, '14-UR-0518'),
(799, '14-UR-0869'),
(800, '14-UR-0562'),
(801, '14-UR-0500'),
(802, '14-UR-0639'),
(803, '14-UR-0461'),
(804, '14-UR-0613'),
(805, '14-UR-0691'),
(806, '14-UR-0537'),
(807, '14-UR-0689'),
(808, '14-UR-0536'),
(809, '14-UR-0868'),
(810, '14-UR-0497'),
(811, '14-UR-0543'),
(812, '14-UR-0593'),
(813, '14-UR-0466'),
(814, '13-UR-0801'),
(815, '13-UR-0634'),
(816, '13-UR-0624'),
(817, '13-UR-0631'),
(818, '13-UR-0757'),
(819, '13-UR-0579'),
(820, '13-UR-0842'),
(821, '13-UR-0735'),
(822, '13-UR-0604'),
(823, '13-UR-0578'),
(824, '13-UR-0550'),
(825, '13-UR-0555'),
(826, '13-UR-0523'),
(827, '13-UR-0838'),
(828, '13-UR-0524'),
(829, '13-UR-0648'),
(830, '13-UR-0722'),
(831, '13-UR-0831'),
(832, '13-UR-0666'),
(833, '13-UR-0614'),
(834, '13-UR-0710'),
(835, '13-UR-0589'),
(836, '13-UR-0905'),
(837, '13-UR-0695'),
(838, '13-UR-0769'),
(839, '12-UR-0569'),
(840, '12-UR-0552'),
(841, '12-UR-0564'),
(842, '12-UR-0825'),
(843, '12-UR-0702'),
(844, '12-UR-0554'),
(845, '12-UR-0774'),
(846, '12-UR-0789'),
(847, '12-UR-0555'),
(848, '12-UR-0699'),
(849, '12-UR-0530'),
(850, '12-UR-0538'),
(851, '12-UR-0556'),
(852, '12-UR-0701'),
(853, '12-UR-0533'),
(854, '12-UR-0534'),
(855, '12-UR-0532'),
(856, '12-UR-0745'),
(857, '11-UR-1699'),
(858, '11-UR-1320'),
(859, '11-UR-1695'),
(860, '11-UR-1707'),
(861, '11-UR-1693'),
(862, '11-UR-1679'),
(863, '11-UR-1782'),
(864, '10-UR-0564'),
(865, '10-UR-0825'),
(866, '10-UR-0885'),
(867, '06-UR-0391'),
(868, '16-UR-0035'),
(869, '16-UR-0039'),
(870, '16-UR-0020'),
(871, '16-UR-0034'),
(872, '16-UR-0049'),
(873, '16-UR-0036'),
(874, '16-UR-0040'),
(875, '16-UR-0001'),
(876, '16-UR-0010'),
(877, '15-UR-0054'),
(878, '15-UR-0175'),
(879, '15-UR-0421'),
(880, '15-UR-0164'),
(881, '15-UR-0006'),
(882, '15-UR-0191'),
(883, '15-UR-0058'),
(884, '15-UR-0219'),
(885, '15-UR-0061'),
(886, '15-UR-0035'),
(887, '15-UR-0105'),
(888, '15-UR-0217'),
(889, '15-UR-0033'),
(890, '15-UR-0029'),
(891, '15-UR-0047'),
(892, '15-UR-1069'),
(893, '15-UR-0085'),
(894, '15-UR-0094'),
(895, '15-UR-0016'),
(896, '15-UR-0125'),
(897, '15-UR-0098'),
(898, '15-UR-0157'),
(899, '15-UR-0166'),
(900, '15-UR-0144'),
(901, '15-UR-0122'),
(902, '15-UR-0076'),
(903, '15-UR-0042'),
(904, '15-UR-0120'),
(905, '15-UR-0514'),
(906, '15-UR-0186'),
(907, '15-UR-1039'),
(908, '15-UR-0147'),
(909, '15-UR-0046'),
(910, '15-UR-0167'),
(911, '15-UR-0426'),
(912, '15-UR-0123'),
(913, '15-UR-0196'),
(914, '15-UR-0211'),
(915, '15-UR-0100'),
(916, '15-UR-0002'),
(917, '15-UR-0135'),
(918, '15-UR-0109'),
(919, '15-UR-0174'),
(920, '15-UR-0512'),
(921, '15-UR-0128'),
(922, '15-UR-0128'),
(923, '15-UR-0059'),
(924, '15-UR-1121'),
(925, '15-UR-0151'),
(926, '15-UR-0129'),
(927, '15-UR-0026'),
(928, '15-UR-0416'),
(929, '15-UR-0192'),
(930, '15-UR-0106'),
(931, '15-UR-0209'),
(932, '15-UR-0096'),
(933, '15-UR-0056'),
(934, '15-UR-0892'),
(935, '15-UR-0104'),
(936, '15-UR-0194'),
(937, '15-UR-0162'),
(938, '15-UR-0088'),
(939, '15-UR-0178'),
(940, '15-UR-0143'),
(941, '15-UR-0213'),
(942, '15-UR-0161'),
(943, '15-UR-0131'),
(944, '15-UR-0050'),
(945, '15-UR-1037'),
(946, '15-UR-0678'),
(947, '15-UR-0130'),
(948, '15-UR-0148'),
(949, '15-UR-0004'),
(950, '15-UR-0018'),
(951, '15-UR-0117'),
(952, '15-UR-0068'),
(953, '15-UR-0003'),
(954, '15-UR-0107'),
(955, '15-UR-0415'),
(956, '15-UR-0072'),
(957, '15-UR-0520'),
(958, '15-UR-0149'),
(959, '15-UR-0170'),
(960, '15-UR-0062'),
(961, '15-UR-0169'),
(962, '15-UR-0134'),
(963, '15-UR-0093'),
(964, '15-UR-0043'),
(965, '15-UR-0021'),
(966, '15-UR-0114'),
(967, '15-UR-0087'),
(968, '15-UR-0108'),
(969, '15-UR-0090'),
(970, '15-UR-0075'),
(971, '15-UR-0153'),
(972, '15-UR-0089'),
(973, '15-UR-0025'),
(974, '15-UR-0118'),
(975, '15-UR-0119'),
(976, '15-UR-0146'),
(977, '15-UR-1097'),
(978, '15-UR-0051'),
(979, '15-UR-0163'),
(980, '15-UR-0154'),
(981, '15-UR-0185'),
(982, '15-UR-0554'),
(983, '15-UR-1107'),
(984, '15-UR-0078'),
(985, '15-UR-0113'),
(986, '15-UR-0165'),
(987, '15-UR-0063'),
(988, '15-UR-0095'),
(989, '15-UR-0808'),
(990, '15-UR-0081'),
(991, '15-UR-0112'),
(992, '15-UR-0121'),
(993, '15-UR-0173'),
(994, '15-UR-0201'),
(995, '15-UR-0030'),
(996, '15-UR-0223'),
(997, '15-UR-0206'),
(998, '15-UR-0009'),
(999, '15-UR-0067'),
(1000, '15-UR-0207'),
(1001, '15-UR-0179'),
(1002, '15-UR-0171'),
(1003, '15-UR-0069'),
(1004, '15-UR-0031'),
(1005, '15-UR-0183'),
(1006, '15-UR-0188'),
(1007, '15-UR-0427'),
(1008, '15-UR-0034'),
(1009, '15-UR-0180'),
(1010, '15-UR-0214'),
(1011, '15-UR-0082'),
(1012, '15-UR-0038'),
(1013, '15-UR-0182'),
(1014, '15-UR-0133'),
(1015, '15-UR-0077'),
(1016, '15-UR-0221'),
(1017, '15-UR-0084'),
(1018, '15-UR-0156'),
(1019, '15-UR-0103'),
(1020, '15-UR-0097'),
(1021, '15-UR-0053'),
(1022, '15-UR-0414'),
(1023, '15-UR-0019'),
(1024, '15-UR-0007'),
(1025, '15-UR-0039'),
(1026, '15-UR-0218'),
(1027, '15-UR-0190'),
(1028, '15-UR-0409'),
(1029, '15-UR-0022'),
(1030, '15-UR-0013'),
(1031, '15-UR-0676'),
(1032, '15-UR-0052'),
(1033, '15-UR-0066'),
(1034, '15-UR-0181'),
(1035, '15-UR-0023'),
(1036, '15-UR-0028'),
(1037, '15-UR-0220'),
(1038, '15-UR-0071'),
(1039, '15-UR-0141'),
(1040, '15-UR-0010'),
(1041, '15-UR-0155'),
(1042, '15-UR-0027'),
(1043, '15-UR-0127'),
(1044, '15-UR-0142'),
(1045, '15-UR-0177'),
(1046, '15-UR-0001'),
(1047, '15-UR-0199'),
(1048, '15-UR-0086'),
(1049, '15-UR-0015'),
(1050, '15-UR-0116'),
(1051, '15-UR-0115'),
(1052, '15-UR-0132'),
(1053, '15-UR-0092'),
(1054, '15-UR-0048'),
(1055, '15-UR-0057'),
(1056, '15-UR-0528'),
(1057, '15-UR-0138'),
(1058, '15-UR-1117'),
(1059, '15-UR-0014'),
(1060, '15-UR-0036'),
(1061, '15-UR-0024'),
(1062, '15-UR-0045'),
(1063, '15-UR-0197'),
(1064, '15-UR-0187'),
(1065, '15-UR-0041'),
(1066, '15-UR-0008'),
(1067, '15-UR-0145'),
(1068, '15-UR-0083'),
(1069, '15-UR-0101'),
(1070, '15-UR-0080'),
(1071, '15-UR-0210'),
(1072, '15-UR-0065'),
(1073, '15-UR-0070'),
(1074, '15-UR-0136'),
(1075, '15-UR-0055'),
(1076, '15-UR-0205'),
(1077, '15-UR-0204'),
(1078, '15-UR-0203'),
(1079, '15-UR-0184'),
(1080, '15-UR-0160'),
(1081, '15-UR-0521'),
(1082, '15-UR-0074'),
(1083, '15-UR-1102'),
(1084, '15-UR-0060'),
(1085, '15-UR-0137'),
(1086, '15-UR-0124'),
(1087, '15-UR-0012'),
(1088, '15-UR-0216'),
(1089, '15-UR-0159'),
(1090, '15-UR-0168'),
(1091, '15-UR-0150'),
(1092, '15-UR-0044'),
(1093, '15-UR-0176'),
(1094, '15-UR-0102'),
(1095, '15-UR-0091'),
(1096, '15-UR-0193'),
(1097, '15-UR-0079'),
(1098, '15-UR-0032'),
(1099, '15-UR-0140'),
(1100, '15-UR-0020'),
(1101, '15-UR-1076'),
(1102, '15-UR-0110'),
(1103, '15-UR-0099'),
(1104, '15-UR-0005'),
(1105, '15-UR-0564'),
(1106, '15-UR-0172'),
(1107, '15-UR-0073'),
(1108, '15-UR-0011'),
(1109, '15-UR-0212'),
(1110, '15-UR-0158'),
(1111, '15-UR-0202'),
(1112, '15-UR-0195'),
(1113, '15-UR-0037'),
(1114, '15-UR-0435'),
(1115, '15-UR-0139'),
(1116, '14-UR-0471'),
(1117, '14-UR-0339'),
(1118, '14-UR-0353'),
(1119, '14-UR-0367'),
(1120, '14-UR-0780'),
(1121, '14-UR-0694'),
(1122, '14-UR-0726'),
(1123, '14-UR-0405'),
(1124, '14-UR-0344'),
(1125, '14-UR-0942'),
(1126, '14-UR-0312'),
(1127, '14-UR-0291'),
(1128, '14-UR-0267'),
(1129, '14-UR-0753'),
(1130, '14-UR-0338'),
(1131, '14-UR-0858'),
(1132, '14-UR-0889'),
(1133, '14-UR-0401'),
(1134, '14-UR-0303'),
(1135, '14-UR-0750'),
(1136, '14-UR-0845'),
(1137, '14-UR-0411'),
(1138, '14-UR-0773'),
(1139, '14-UR-0326'),
(1140, '14-UR-0390'),
(1141, '14-UR-0325'),
(1142, '14-UR-0251'),
(1143, '14-UR-0375'),
(1144, '14-UR-0322'),
(1145, '14-UR-0321'),
(1146, '14-UR-0444'),
(1147, '14-UR-0859'),
(1148, '14-UR-0382'),
(1149, '14-UR-0767'),
(1150, '14-UR-0765'),
(1151, '14-UR-0752'),
(1152, '14-UR-0854'),
(1153, '14-UR-0262'),
(1154, '14-UR-0366'),
(1155, '14-UR-0260'),
(1156, '14-UR-0776'),
(1157, '14-UR-0725'),
(1158, '14-UR-0320'),
(1159, '14-UR-0435'),
(1160, '14-UR-0807'),
(1161, '14-UR-0944'),
(1162, '14-UR-0426'),
(1163, '14-UR-0946'),
(1164, '14-UR-0830'),
(1165, '14-UR-0429'),
(1166, '14-UR-0770'),
(1167, '14-UR-0386'),
(1168, '14-UR-0756'),
(1169, '14-UR-0402'),
(1170, '14-UR-0906'),
(1171, '14-UR-0399'),
(1172, '14-UR-0791'),
(1173, '14-UR-0274'),
(1174, '14-UR-0760'),
(1175, '14-UR-0758'),
(1176, '14-UR-0306'),
(1177, '14-UR-0769'),
(1178, '14-UR-0263'),
(1179, '14-UR-0834'),
(1180, '14-UR-0812'),
(1181, '14-UR-0346'),
(1182, '14-UR-0423'),
(1183, '14-UR-0391'),
(1184, '14-UR-0316'),
(1185, '14-UR-0723'),
(1186, '14-UR-0330'),
(1187, '14-UR-0798'),
(1188, '14-UR-0331'),
(1189, '14-UR-0378'),
(1190, '14-UR-0287'),
(1191, '14-UR-0494'),
(1192, '14-UR-0358'),
(1193, '14-UR-0813'),
(1194, '14-UR-0409'),
(1195, '14-UR-0323'),
(1196, '14-UR-0816'),
(1197, '14-UR-0809'),
(1198, '14-UR-0437'),
(1199, '14-UR-0886'),
(1200, '14-UR-0498'),
(1201, '14-UR-0795'),
(1202, '14-UR-0874'),
(1203, '14-UR-0357'),
(1204, '14-UR-0730'),
(1205, '14-UR-0334'),
(1206, '14-UR-0436'),
(1207, '14-UR-0278'),
(1208, '14-UR-0324'),
(1209, '14-UR-0355'),
(1210, '14-UR-0283'),
(1211, '14-UR-0826'),
(1212, '14-UR-0804'),
(1213, '14-UR-0803'),
(1214, '14-UR-0400'),
(1215, '14-UR-0734'),
(1216, '14-UR-0736'),
(1217, '14-UR-0799'),
(1218, '14-UR-0308'),
(1219, '14-UR-0693'),
(1220, '14-UR-0417'),
(1221, '14-UR-0403'),
(1222, '14-UR-0410'),
(1223, '14-UR-0408'),
(1224, '14-UR-0885'),
(1225, '14-UR-0742'),
(1226, '14-UR-0428'),
(1227, '14-UR-0764'),
(1228, '14-UR-0784'),
(1229, '14-UR-0364'),
(1230, '14-UR-0314'),
(1231, '14-UR-0796'),
(1232, '14-UR-0757'),
(1233, '14-UR-0381'),
(1234, '14-UR-0772'),
(1235, '14-UR-0749'),
(1236, ' 15-UR-1117'),
(1237, '14-UR-0393'),
(1238, '14-UR-0871'),
(1239, '14-UR-0815'),
(1240, '14-UR-0433'),
(1241, '14-UR-0345'),
(1242, '14-UR-0307'),
(1243, '14-UR-0300'),
(1244, '14-UR-0397'),
(1245, '14-UR-0396'),
(1246, '14-UR-0335'),
(1247, '14-UR-0259'),
(1248, '14-UR-0440'),
(1249, '14-UR-0848'),
(1250, '14-UR-0337'),
(1251, '14-UR-0269'),
(1252, '14-UR-0939'),
(1253, '14-UR-0254'),
(1254, '14-UR-0806'),
(1255, '14-UR-0884'),
(1256, '14-UR-0863'),
(1257, '14-UR-0922'),
(1258, '14-UR-0905'),
(1259, '14-UR-0835'),
(1260, '14-UR-0370'),
(1261, '14-UR-0272'),
(1262, '14-UR-0424'),
(1263, '14-UR-0354'),
(1264, '13-UR-0328'),
(1265, '13-UR-0433'),
(1266, '13-UR-0379'),
(1267, '13-UR-0257'),
(1268, '13-UR-0353'),
(1269, '13-UR-0269'),
(1270, '13-UR-0288'),
(1271, '13-UR-0274'),
(1272, '13-UR-0460'),
(1273, '13-UR-0170'),
(1274, '13-UR-0324'),
(1275, '13-UR-0467'),
(1276, '13-UR-0212'),
(1277, '13-UR-0199'),
(1278, '13-UR-0196'),
(1279, '13-UR-0365'),
(1280, '13-UR-0845'),
(1281, '13-UR-0261'),
(1282, '13-UR-0374'),
(1283, '13-UR-0408'),
(1284, '13-UR-0268'),
(1285, '13-UR-0471'),
(1286, '13-UR-0190'),
(1287, '13-UR-0387'),
(1288, '13-UR-0450'),
(1289, '13-UR-0340'),
(1290, '13-UR-0364'),
(1291, '13-UR-0445'),
(1292, '13-UR-0434'),
(1293, '13-UR-0192'),
(1294, '13-UR-0640'),
(1295, '13-UR-0331'),
(1296, '13-UR-0207'),
(1297, '13-UR-0394'),
(1298, '13-UR-0210'),
(1299, '13-UR-0177'),
(1300, '13-UR-0454'),
(1301, '13-UR-0189'),
(1302, '13-UR-0400'),
(1303, '13-UR-0403'),
(1304, '13-UR-0309'),
(1305, '13-UR-0263'),
(1306, '13-UR-0295'),
(1307, '13-UR-0245'),
(1308, '13-UR-0519'),
(1309, '13-UR-0336'),
(1310, '13-UR-0913'),
(1311, '13-UR-0856'),
(1312, '13-UR-0907'),
(1313, '13-UR-0301'),
(1314, '13-UR-0384'),
(1315, '13-UR-0310'),
(1316, '13-UR-0399'),
(1317, '13-UR-0334'),
(1318, '13-UR-0168'),
(1319, '13-UR-0354'),
(1320, '13-UR-0265'),
(1321, '13-UR-0173'),
(1322, '13-UR-0255'),
(1323, '13-UR-0174'),
(1324, '13-UR-0529'),
(1325, '13-UR-0206'),
(1326, '13-UR-0329'),
(1327, '13-UR-0412'),
(1328, '13-UR-0415'),
(1329, '13-UR-0313'),
(1330, '13-UR-0902'),
(1331, '13-UR-0800'),
(1332, '13-UR-0276'),
(1333, '13-UR-0351'),
(1334, '13-UR-0860'),
(1335, '13-UR-0500'),
(1336, '13-UR-0291'),
(1337, '13-UR-0439'),
(1338, '13-UR-0242'),
(1339, '13-UR-0266'),
(1340, '13-UR-0867'),
(1341, '13-UR-0381'),
(1342, '13-UR-0180'),
(1343, '13-UR-0456'),
(1344, '13-UR-0184'),
(1345, '13-UR-0244'),
(1346, '13-UR-0482'),
(1347, '13-UR-0303'),
(1348, '13-UR-0457'),
(1349, '13-UR-0868'),
(1350, '13-UR-0925'),
(1351, '13-UR-0305'),
(1352, '13-UR-0516'),
(1353, '13-UR-0545'),
(1354, '13-UR-0389'),
(1355, '13-UR-0372'),
(1356, '13-UR-0380'),
(1357, '13-UR-0356'),
(1358, '13-UR-0361'),
(1359, '13-UR-0376'),
(1360, '13-UR-0383'),
(1361, '13-UR-0386'),
(1362, '13-UR-0461'),
(1363, '13-UR-0314'),
(1364, '13-UR-0176'),
(1365, '13-UR-0728'),
(1366, '13-UR-0258'),
(1367, '13-UR-0241'),
(1368, '13-UR-0286'),
(1369, '13-UR-0220'),
(1370, '13-UR-0745'),
(1371, '13-UR-0745'),
(1372, '13-UR-0304'),
(1373, '13-UR-0438'),
(1374, '13-UR-0417'),
(1375, '13-UR-0318'),
(1376, '13-UR-0285'),
(1377, '12-UR-0244'),
(1378, '12-UR-0693'),
(1379, '12-UR-0257'),
(1380, '12-UR-0671'),
(1381, '12-UR-0435'),
(1382, '12-UR-0271'),
(1383, '12-UR-0444'),
(1384, '12-UR-0692'),
(1385, '12-UR-0243'),
(1386, '12-UR-0781'),
(1387, '12-UR-0691'),
(1388, '12-UR-0344'),
(1389, '12-UR-0381'),
(1390, '12-UR-0269'),
(1391, '12-UR-0394'),
(1392, '12-UR-0285'),
(1393, '12-UR-0411'),
(1394, '12-UR-0294'),
(1395, '12-UR-0254'),
(1396, '12-UR-0253'),
(1397, '12-UR-0140'),
(1398, '12-UR-0303'),
(1399, '12-UR-0711'),
(1400, '12-UR-0401'),
(1401, '12-UR-0794'),
(1402, '12-UR-0142'),
(1403, '12-UR-0742'),
(1404, '12-UR-0762'),
(1405, '12-UR-0215'),
(1406, '12-UR-0299'),
(1407, '12-UR-0242'),
(1408, '12-UR-0301'),
(1409, '12-UR-0248'),
(1410, '12-UR-0246'),
(1411, '12-UR-0286'),
(1412, '12-UR-0807'),
(1413, '12-UR-0213'),
(1414, '12-UR-0321'),
(1415, '12-UR-0241'),
(1416, '12-UR-0363'),
(1417, '12-UR-0782'),
(1418, '12-UR-0231'),
(1419, '12-UR-0300'),
(1420, '12-UR-0250'),
(1421, '12-UR-0216'),
(1422, '12-UR-0211'),
(1423, '12-UR-0803'),
(1424, '12-UR-0417'),
(1425, '12-UR-0369'),
(1426, '12-UR-0230'),
(1427, '12-UR-0223'),
(1428, '12-UR-0651'),
(1429, '12-UR-0716'),
(1430, '12-UR-0399'),
(1431, '12-UR-0310'),
(1432, '12-UR-0260'),
(1433, '12-UR-0780'),
(1434, '12-UR-0225'),
(1435, '12-UR-0255'),
(1436, '12-UR-0304'),
(1437, '12-UR-0806'),
(1438, '12-UR-0283'),
(1439, '12-UR-0249'),
(1440, '12-UR-0731'),
(1441, '12-UR-0793'),
(1442, '12-UR-0221'),
(1443, '12-UR-0217'),
(1444, '12-UR-0388'),
(1445, '12-UR-0226'),
(1446, '12-UR-0736'),
(1447, '12-UR-0725'),
(1448, '12-UR-0309'),
(1449, '12-UR-0458'),
(1450, '12-UR-0325'),
(1451, '12-UR-0761'),
(1452, '12-UR-0212'),
(1453, '12-UR-0222'),
(1454, '12-UR-0218'),
(1455, '12-UR-0343'),
(1456, '12-UR-0335'),
(1457, '12-UR-0197'),
(1458, '12-UR-0370'),
(1459, '12-UR-0635'),
(1460, '12-UR-0236'),
(1461, '12-UR-0465'),
(1462, '12-UR-0298'),
(1463, '12-UR-0653'),
(1464, '12-UR-0694'),
(1465, '12-UR-0378'),
(1466, '12-UR-0233'),
(1467, '11-UR-0932'),
(1468, '11-UR-0954'),
(1469, '11-UR-1037'),
(1470, '11-UR-1024'),
(1471, '11-UR-1407'),
(1472, '11-UR-0963'),
(1473, '11-UR-0952'),
(1474, '11-UR-0939'),
(1475, '11-UR-1042'),
(1476, '11-UR-1770'),
(1477, '11-UR-0953'),
(1478, '11-UR-0934'),
(1479, '11-UR-1016'),
(1480, '11-UR-1033'),
(1481, '11-UR-0975'),
(1482, '11-UR-1001'),
(1483, '11-UR-0972'),
(1484, '11-UR-0938'),
(1485, '11-UR-0964'),
(1486, '11-UR-1000'),
(1487, '11-UR-1774'),
(1488, '11-UR-1045'),
(1489, '11-UR-1719'),
(1490, '11-UR-0993'),
(1491, '11-UR-0992'),
(1492, '11-UR-0927'),
(1493, '11-UR-0925'),
(1494, '11-UR-1265'),
(1495, '11-UR-0987'),
(1496, '11-UR-1746'),
(1497, '11-UR-1011'),
(1498, '11-UR-0940'),
(1499, '11-UR-0951'),
(1500, '11-UR-0947'),
(1501, '11-UR-1313'),
(1502, '11-UR-0990'),
(1503, '11-UR-1030'),
(1504, '11-UR-1025'),
(1505, '11-UR-0973'),
(1506, '11-UR-1035'),
(1507, '11-UR-1023'),
(1508, '11-UR-1010'),
(1509, '11-UR-0979'),
(1510, '11-UR-1038'),
(1511, '11-UR-0984'),
(1512, '11-UR-0958'),
(1513, '11-UR-1722'),
(1514, '11-UR-1029'),
(1515, '11-UR-1026'),
(1516, '11-UR-0937'),
(1517, '11-UR-1718'),
(1518, '11-UR-1013'),
(1519, '11-UR-1775'),
(1520, '11-UR-0948'),
(1521, '11-UR-0936'),
(1522, '11-UR-1463'),
(1523, '11-UR-1381'),
(1524, '11-UR-0960'),
(1525, '11-UR-1406'),
(1526, '11-UR-1760'),
(1527, '11-UR-0941'),
(1528, '11-UR-0924'),
(1529, '11-UR-0942'),
(1530, '11-UR-1027'),
(1531, '11-UR-1740'),
(1532, '11-UR-0930'),
(1533, '11-UR-1039'),
(1534, '11-UR-0968'),
(1535, '11-UR-0935'),
(1536, '11-UR-0943'),
(1537, '11-UR-0929'),
(1538, '11-UR-0969'),
(1539, '11-UR-1031'),
(1540, '11-UR-0988'),
(1541, '11-UR-1032'),
(1542, '11-UR-0966'),
(1543, '11-UR-1044'),
(1544, '11-UR-1034'),
(1545, '11-UR-0931'),
(1546, '11-UR-1040'),
(1547, '11-UR-0950'),
(1548, '10-UR-0275'),
(1549, '10-UR-0752'),
(1550, '10-UR-0384'),
(1551, '10-UR-0670'),
(1552, '10-UR-0368'),
(1553, '10-UR-0375'),
(1554, '10-UR-0244'),
(1555, '10-UR-0458'),
(1556, '10-UR-0495'),
(1557, '10-UR-0222'),
(1558, '10-UR-0287'),
(1559, '10-UR-0241'),
(1560, '10-UR-0418'),
(1561, '09-UR-CE008'),
(1562, '09-UR-CE018'),
(1563, '09-UR-CE021'),
(1564, '09-UR-CE056'),
(1565, '09-UR-CE080'),
(1566, '09-UR-CE093'),
(1567, '09-UR-CE132'),
(1568, '09-UR-CE146'),
(1569, '09-UR-CE150'),
(1570, '09-UR-CE156'),
(1571, '09-UR-CE158'),
(1572, '08-UR-0402'),
(1573, '08-UR-0121'),
(1574, '16-UR-0013'),
(1575, '16-UR-0005'),
(1576, '16-UR-0048'),
(1577, '16-UR-0002'),
(1578, '16-UR-0047'),
(1579, '16-UR-0006'),
(1580, '15-UR-0428'),
(1581, '15-UR-0387'),
(1582, '15-UR-0325'),
(1583, '15-UR-0267'),
(1584, '15-UR-0235'),
(1585, '15-UR-0353'),
(1586, '15-UR-0795'),
(1587, '15-UR-0258'),
(1588, '15-UR-0250'),
(1589, '15-UR-0338'),
(1590, '15-UR-0430'),
(1591, '15-UR-0360'),
(1592, '15-UR-0374'),
(1593, '15-UR-0388'),
(1594, '15-UR-1120'),
(1595, '15-UR-0405'),
(1596, '15-UR-1119'),
(1597, '15-UR-0269'),
(1598, '15-UR-0362'),
(1599, '15-UR-0266'),
(1600, '15-UR-0359'),
(1601, '15-UR-0376'),
(1602, '15-UR-0412'),
(1603, '15-UR-0259'),
(1604, '15-UR-0263'),
(1605, '15-UR-0265'),
(1606, '15-UR-0311'),
(1607, '15-UR-0272'),
(1608, '15-UR-0260'),
(1609, '15-UR-0268'),
(1610, '15-UR-0347'),
(1611, '15-UR-0331'),
(1612, '15-UR-1104'),
(1613, '15-UR-0432'),
(1614, '15-UR-0228'),
(1615, '15-UR-0255'),
(1616, '15-UR-0366'),
(1617, '15-UR-0249'),
(1618, '15-UR-0261'),
(1619, '15-UR-1007'),
(1620, '15-UR-0333'),
(1621, '15-UR-0344'),
(1622, '15-UR-0355'),
(1623, '15-UR-0377'),
(1624, '15-UR-0237'),
(1625, '15-UR-1092'),
(1626, '15-UR-0222'),
(1627, '15-UR-0392'),
(1628, '15-UR-0313'),
(1629, '15-UR-0363'),
(1630, '15-UR-0289'),
(1631, '15-UR-0403'),
(1632, '15-UR-0431'),
(1633, '15-UR-0342'),
(1634, '15-UR-0441'),
(1635, '15-UR-0872'),
(1636, '15-UR-0424'),
(1637, '15-UR-0290'),
(1638, '15-UR-0328'),
(1639, '15-UR-0301'),
(1640, '15-UR-0349'),
(1641, '15-UR-0288'),
(1642, '15-UR-1031'),
(1643, '15-UR-1130'),
(1644, '15-UR-0274'),
(1645, '15-UR-0286'),
(1646, '15-UR-0375'),
(1647, '15-UR-0351'),
(1648, '15-UR-0273'),
(1649, '15-UR-0229'),
(1650, '15-UR-0397'),
(1651, '15-UR-0336'),
(1652, '15-UR-0254'),
(1653, '15-UR-0410'),
(1654, '15-UR-0434'),
(1655, '15-UR-0339'),
(1656, '15-UR-0330'),
(1657, '15-UR-0462'),
(1658, '15-UR-1043'),
(1659, '15-UR-0256'),
(1660, '15-UR-0368'),
(1661, '15-UR-0378'),
(1662, '15-UR-0332'),
(1663, '15-UR-0671'),
(1664, '15-UR-0312'),
(1665, '15-UR-0307'),
(1666, '15-UR-0279'),
(1667, '15-UR-0372'),
(1668, '15-UR-0516'),
(1669, '15-UR-0384'),
(1670, '15-UR-0329'),
(1671, '15-UR-0356'),
(1672, '14-UR-0280'),
(1673, '14-UR-0261'),
(1674, '14-UR-0302'),
(1675, '14-UR-0332'),
(1676, '14-UR-0361'),
(1677, '14-UR-0277'),
(1678, '14-UR-0257'),
(1679, '14-UR-0713'),
(1680, '14-UR-0821'),
(1681, '14-UR-0949'),
(1682, '14-UR-0822'),
(1683, '14-UR-0380'),
(1684, '14-UR-0550'),
(1685, '14-UR-0840'),
(1686, '14-UR-0412'),
(1687, '14-UR-0319'),
(1688, '14-UR-0347'),
(1689, '14-UR-0392'),
(1690, '14-UR-0350'),
(1691, '14-UR-0368'),
(1692, '14-UR-0341'),
(1693, '14-UR-0327'),
(1694, '14-UR-0430'),
(1695, '14-UR-0754'),
(1696, '14-UR-0268'),
(1697, '14-UR-0825'),
(1698, '14-UR-0862'),
(1699, '14-UR-0861'),
(1700, '14-UR-0839'),
(1701, '14-UR-0787'),
(1702, '14-UR-0395'),
(1703, '14-UR-0359'),
(1704, '14-UR-0697'),
(1705, '14-UR-0315'),
(1706, '14-UR-0281'),
(1707, '14-UR-0712'),
(1708, '14-UR-0349'),
(1709, '14-UR-0295'),
(1710, '14-UR-0276'),
(1711, '14-UR-0379'),
(1712, '14-UR-0264'),
(1713, '14-UR-0270'),
(1714, '13-UR-0494'),
(1715, '13-UR-0320'),
(1716, '13-UR-0315'),
(1717, '13-UR-0179'),
(1718, '13-UR-0278'),
(1719, '13-UR-0865'),
(1720, '13-UR-0221'),
(1721, '13-UR-0861'),
(1722, '13-UR-0829'),
(1723, '13-UR-0211'),
(1724, '13-UR-0504'),
(1725, '13-UR-0391'),
(1726, '13-UR-0906'),
(1727, '13-UR-0346'),
(1728, '13-UR-0441'),
(1729, '13-UR-0395'),
(1730, '13-UR-0929'),
(1731, '13-UR-0259'),
(1732, '13-UR-0337'),
(1733, '13-UR-0688'),
(1734, '13-UR-0362'),
(1735, '13-UR-0451'),
(1736, '13-UR-0388'),
(1737, '13-UR-0406'),
(1738, '13-UR-0306'),
(1739, '13-UR-0373'),
(1740, '13-UR-0279'),
(1741, '13-UR-0203'),
(1742, '13-UR-0275'),
(1743, '13-UR-0262'),
(1744, '13-UR-0453'),
(1745, '13-UR-0280'),
(1746, '13-UR-0493'),
(1747, '13-UR-0178'),
(1748, '13-UR-0674'),
(1749, '13-UR-0348'),
(1750, '13-UR-0284'),
(1751, '13-UR-0507'),
(1752, '13-UR-0287'),
(1753, '12-UR-0265'),
(1754, '12-UR-0380'),
(1755, '12-UR-0185'),
(1756, '12-UR-0383'),
(1757, '12-UR-0306'),
(1758, '12-UR-0314'),
(1759, '12-UR-0377'),
(1760, '12-UR-0357'),
(1761, '12-UR-0786'),
(1762, '12-UR-0195'),
(1763, '12-UR-0703'),
(1764, '12-UR-0179'),
(1765, '12-UR-0364'),
(1766, '12-UR-0352'),
(1767, '12-UR-0333'),
(1768, '12-UR-0175'),
(1769, '12-UR-0191'),
(1770, '12-UR-0670'),
(1771, '12-UR-0240'),
(1772, '12-UR-0200'),
(1773, '12-UR-0282'),
(1774, '12-UR-0219'),
(1775, '12-UR-0228'),
(1776, '12-UR-0202'),
(1777, '12-UR-0372'),
(1778, '12-UR-0452'),
(1779, '12-UR-0374'),
(1780, '12-UR-0355'),
(1781, '12-UR-0167'),
(1782, '12-UR-0174'),
(1783, '12-UR-0204'),
(1784, '12-UR-0315'),
(1785, '12-UR-0421'),
(1786, '12-UR-0186'),
(1787, '12-UR-0292'),
(1788, '11-UR-1765'),
(1789, '11-UR-1289'),
(1790, '11-UR-1298'),
(1791, '11-UR-1334'),
(1792, '11-UR-1300'),
(1793, '11-UR-1303'),
(1794, '11-UR-1326'),
(1795, '11-UR-1316'),
(1796, '11-UR-1324'),
(1797, '11-UR-1307'),
(1798, '11-UR-1304'),
(1799, '11-UR-0976'),
(1800, '11-UR-1287'),
(1801, '11-UR-1344'),
(1802, '11-UR-1730'),
(1803, '11-UR-1296'),
(1804, '11-UR-1330'),
(1805, '11-UR-1309'),
(1806, '11-UR-1321'),
(1807, '11-UR-1880'),
(1808, '11-UR-1329'),
(1809, '11-UR-1331'),
(1810, '11-UR-1323'),
(1811, '11-UR-1299'),
(1812, '11-UR-1757'),
(1813, '11-UR-1294'),
(1814, '11-UR-1285'),
(1815, '11-UR-1312'),
(1816, '11-UR-1295'),
(1817, '11-UR-1341'),
(1818, '11-UR-2092'),
(1819, '11-UR-1436'),
(1820, '11-UR-1327'),
(1821, '11-UR-1305'),
(1822, '11-UR-1337'),
(1823, '10-UR-0263'),
(1824, '10-UR-0347'),
(1825, '10-UR-0452'),
(1826, '10-UR-0486'),
(1827, '10-UR-0496'),
(1828, '10-UR-0698'),
(1829, '10-UR-0270'),
(1830, '10-UR-0324'),
(1831, '10-UR-0788'),
(1832, '10-UR-0219'),
(1833, '10-UR-0356'),
(1834, '10-UR-0685'),
(1835, '10-UR-0258'),
(1836, '10-UR-0328'),
(1837, '10-UR-0276'),
(1838, '10-UR-0729'),
(1839, '10-UR-0431'),
(1840, '10-UR-0871'),
(1841, '10-UR-0352'),
(1842, '09-UR-ME010'),
(1843, '09-UR-ME013'),
(1844, '09-UR-ME016'),
(1845, '09-UR-ME026'),
(1846, '09-UR-COE053'),
(1847, '09-UR-ME071'),
(1848, '09-UR-ME074'),
(1849, '09-UR-ME047'),
(1850, '08-UR-ME298'),
(1851, '12-UR-0031'),
(1852, '12-UR-0042'),
(1853, '12-UR-0091'),
(1854, '12-UR-0442'),
(1855, '12-UR-0075'),
(1856, '12-UR-0144'),
(1857, '12-UR-00010'),
(1858, '12-UR-0012'),
(1859, '12-UR-0759'),
(1860, '12-UR-0687'),
(1861, '12-UR-0022'),
(1862, '12-UR-0674'),
(1863, '12-UR-0017'),
(1864, '12-UR-0134'),
(1865, '12-UR-0856'),
(1866, '12-UR-0156'),
(1867, '12-UR-0108'),
(1868, '12-UR-0143'),
(1869, '12-UR-0076'),
(1870, '12-UR-0287'),
(1871, '12-UR-0043'),
(1872, '12-UR-0710'),
(1873, '12-UR-0122'),
(1874, '12-UR-0032'),
(1875, '12-UR-0686'),
(1876, '12-UR-0833'),
(1877, '12-UR-0115'),
(1878, '12-UR-0020'),
(1879, '12-UR-0003'),
(1880, '12-UR-0080'),
(1881, '12-UR-0288'),
(1882, '12-UR-0764'),
(1883, '12-UR-0030'),
(1884, '12-UR-0443'),
(1885, '12-UR-0376'),
(1886, '12-UR-0079'),
(1887, '12-UR-0052'),
(1888, '12-UR-0087'),
(1889, '12-UR-0109'),
(1890, '12-UR-0262'),
(1891, '12-UR-0111'),
(1892, '12-UR-0092'),
(1893, '12-UR-0128'),
(1894, '12-UR-0116'),
(1895, '12-UR-0015'),
(1896, '12-UR-0463'),
(1897, '12-UR-0125'),
(1898, '12-UR-0097'),
(1899, '12-UR-0276'),
(1900, '12-UR-0113'),
(1901, '12-UR-0058'),
(1902, '12-UR-0114'),
(1903, '12-UR-0756'),
(1904, '12-UR-0088'),
(1905, '12-UR-0089'),
(1906, '12-UR-0763'),
(1907, '12-UR-0127'),
(1908, '12-UR-0449'),
(1909, '12-UR-0085'),
(1910, '12-UR-0740'),
(1911, '12-UR-0844'),
(1912, '12-UR-0033'),
(1913, '12-UR-0106'),
(1914, '12-UR-0730'),
(1915, '12-UR-0037'),
(1916, '12-UR-0081'),
(1917, '12-UR-0038'),
(1918, '12-UR-0047'),
(1919, '12-UR-0130'),
(1920, '12-UR-0147'),
(1921, '12-UR-0148'),
(1922, '12-UR-0136'),
(1923, '12-UR-0648'),
(1924, '12-UR-0021'),
(1925, '12-UR-0852'),
(1926, '12-UR-0102'),
(1927, '12-UR-0433'),
(1928, '12-UR-0129'),
(1929, '12-UR-0709'),
(1930, '12-UR-0027'),
(1931, '12-UR-0457'),
(1932, '12-UR-0105'),
(1933, '12-UR-0375'),
(1934, '11-UR-1086'),
(1935, '11-UR-1078'),
(1936, '11-UR-1083'),
(1937, '11-UR-1077'),
(1938, '11-UR-1146'),
(1939, '11-UR-1147'),
(1940, '11-UR-1126'),
(1941, '11-UR-0962'),
(1942, '11-UR-0989'),
(1943, '11-UR-1682'),
(1944, '11-UR-1098'),
(1945, '11-UR-1113'),
(1946, '11-UR-1053'),
(1947, '11-UR-1091'),
(1948, '11-UR-1069'),
(1949, '11-UR-1090'),
(1950, '11-UR-1151'),
(1951, '11-UR-2053'),
(1952, '11-UR-1052'),
(1953, '11-UR-1057'),
(1954, '11-UR-1061'),
(1955, '11-UR-1088'),
(1956, '11-UR-1119'),
(1957, '11-UR-1062'),
(1958, '11-UR-1172'),
(1959, '11-UR-0994'),
(1960, '11-UR-1080'),
(1961, '11-UR-1268'),
(1962, '11-UR-1008'),
(1963, '11-UR-1156'),
(1964, '11-UR-1284'),
(1965, '11-UR-1171'),
(1966, '11-UR-1181'),
(1967, '11-UR-1097'),
(1968, '11-UR-1281'),
(1969, '11-UR-1157'),
(1970, '11-UR-1429'),
(1971, '11-UR-1204'),
(1972, '11-UR-1154'),
(1973, '11-UR-1767'),
(1974, '11-UR-1112'),
(1975, '10-UR-0762'),
(1976, '10-UR-0173'),
(1977, '10-UR-0900'),
(1978, '10-UR-0143'),
(1979, '10-UR-0149'),
(1980, '10-UR-0304'),
(1981, '09-UR-ICT419'),
(1982, '09-UR-ICT366'),
(1983, '08-UR-ICT155'),
(1984, '16-UR-0012'),
(1985, '16-UR-0060'),
(1986, '16-UR-0024'),
(1987, '16-UR-0068'),
(1988, '16-UR-0028'),
(1989, '15-UR-0583'),
(1990, '15-UR-0908'),
(1991, '15-UR-0904'),
(1992, '15-UR-0633'),
(1993, '15-UR-0598'),
(1994, '15-UR-0640'),
(1995, '15-UR-0625'),
(1996, '15-UR-1064'),
(1997, '15-UR-0619'),
(1998, '15-UR-0618'),
(1999, '15-UR-0608'),
(2000, '15-UR-0898'),
(2001, '15-UR-0612'),
(2002, '15-UR-0570'),
(2003, '15-UR-1122'),
(2004, '15-UR-0653'),
(2005, '15-UR-0574'),
(2006, '15-UR-0616'),
(2007, '15-UR-0595'),
(2008, '15-UR-0665'),
(2009, '15-UR-0630'),
(2010, '15-UR-0597'),
(2011, '15-UR-0601'),
(2012, '15-UR-1091'),
(2013, '15-UR-0589'),
(2014, '15-UR-0582'),
(2015, '15-UR-0610'),
(2016, '15-UR-0643'),
(2017, '15-UR-0569'),
(2018, '15-UR-1050'),
(2019, '15-UR-0906'),
(2020, '15-UR-1045'),
(2021, '15-UR-0587'),
(2022, '15-UR-0666'),
(2023, '15-UR-0580'),
(2024, '15-UR-0691'),
(2025, '15-UR-0604'),
(2026, '15-UR-0991'),
(2027, '15-UR-0658'),
(2028, '15-UR-0566'),
(2029, '15-UR-0628'),
(2030, '15-UR-0579'),
(2031, '15-UR-0596'),
(2032, '15-UR-0669'),
(2033, '15-UR-0577'),
(2034, '15-UR-0419'),
(2035, '15-UR-0607'),
(2036, '15-UR-0637'),
(2037, '15-UR-0578'),
(2038, '15-UR-0563'),
(2039, '15-UR-0562'),
(2040, '15-UR-1112'),
(2041, '15-UR-0654'),
(2042, '15-UR-1131'),
(2043, '15-UR-0581'),
(2044, '15-UR-0584'),
(2045, '15-UR-0611'),
(2046, '15-UR-0561'),
(2047, '15-UR-0673'),
(2048, '15-UR-0920'),
(2049, '15-UR-0594'),
(2050, '15-UR-0634'),
(2051, '15-UR-0590'),
(2052, '15-UR-0620'),
(2053, '15-UR-0638'),
(2054, '15-UR-0672'),
(2055, '15-UR-0674'),
(2056, '15-UR-0639'),
(2057, '15-UR-0599'),
(2058, '15-UR-0621'),
(2059, '15-UR-0974'),
(2060, '15-UR-1114'),
(2061, '15-UR-0609'),
(2062, '15-UR-0627'),
(2063, '15-UR-0576'),
(2064, '14-UR-0716'),
(2065, '14-UR-0546'),
(2066, '14-UR-0522'),
(2067, '14-UR-0527'),
(2068, '14-UR-0919'),
(2069, '14-UR-0554'),
(2070, '14-UR-0588'),
(2071, '14-UR-0683'),
(2072, '14-UR-0188'),
(2073, '14-UR-0506'),
(2074, '14-UR-0517'),
(2075, '14-UR-0458'),
(2076, '14-UR-0908'),
(2077, '14-UR-0927'),
(2078, '14-UR-0482'),
(2079, '14-UR-0495'),
(2080, '14-UR-0637'),
(2081, '14-UR-0512'),
(2082, '14-UR-0530'),
(2083, '14-UR-0463'),
(2084, '14-UR-0653'),
(2085, '14-UR-0528'),
(2086, '14-UR-0814'),
(2087, '14-UR-0503'),
(2088, '14-UR-0523'),
(2089, '14-UR-0544'),
(2090, '14-UR-0548'),
(2091, '14-UR-0614'),
(2092, '14-UR-0247'),
(2093, '14-UR-0606'),
(2094, '14-UR-0735'),
(2095, '14-UR-0496'),
(2096, '14-UR-0534'),
(2097, '14-UR-0474'),
(2098, '14-UR-0538'),
(2099, '14-UR-0951'),
(2100, '14-UR-0647'),
(2101, '14-UR-0636'),
(2102, '14-UR-0373'),
(2103, '14-UR-0505'),
(2104, '14-UR-0513'),
(2105, '14-UR-0677'),
(2106, '14-UR-0565'),
(2107, '14-UR-0566'),
(2108, '14-UR-0559'),
(2109, '14-UR-0704'),
(2110, '14-UR-0451'),
(2111, '14-UR-0570'),
(2112, '14-UR-0597'),
(2113, '14-UR-0485'),
(2114, '14-UR-0551'),
(2115, '14-UR-0646'),
(2116, '14-UR-0668'),
(2117, '14-UR-0531'),
(2118, '14-UR-0456'),
(2119, '14-UR-0535'),
(2120, '14-UR-0576'),
(2121, '14-UR-0475'),
(2122, '14-UR-0596'),
(2123, '14-UR-0676'),
(2124, '14-UR-0511'),
(2125, '14-UR-0460'),
(2126, '14-UR-0465'),
(2127, '14-UR-0555'),
(2128, '14-UR-0685'),
(2129, '14-UR-0568'),
(2130, '14-UR-0469'),
(2131, '14-UR-0504'),
(2132, '14-UR-0449'),
(2133, '14-UR-0432'),
(2134, '14-UR-0591'),
(2135, '14-UR-0617'),
(2136, '14-UR-0484'),
(2137, '14-UR-0625'),
(2138, '14-UR-0549'),
(2139, '14-UR-0602'),
(2140, '14-UR-0502'),
(2141, '13-UR-0584'),
(2142, '13-UR-0636'),
(2143, '13-UR-0575'),
(2144, '13-UR-0585'),
(2145, '13-UR-0625'),
(2146, '13-UR-0779'),
(2147, '13-UR-0573'),
(2148, '13-UR-0678'),
(2149, '13-UR-0560'),
(2150, '13-UR-0697'),
(2151, '13-UR-0690'),
(2152, '13-UR-0547'),
(2153, '13-UR-0795'),
(2154, '13-UR-0566'),
(2155, '13-UR-0912'),
(2156, '13-UR-0719'),
(2157, '13-UR-0693'),
(2158, '13-UR-0664'),
(2159, '13-UR-0786'),
(2160, '13-UR-0608'),
(2161, '13-UR-0687'),
(2162, '13-UR-0857'),
(2163, '13-UR-0709'),
(2164, '13-UR-0812'),
(2165, '13-UR-0823'),
(2166, '13-UR-0930'),
(2167, '13-UR-0708'),
(2168, '13-UR-0602'),
(2169, '13-UR-0847'),
(2170, '13-UR-0787'),
(2171, '13-UR-0637'),
(2172, '13-UR-0878'),
(2173, '13-UR-0676'),
(2174, '13-UR-0535'),
(2175, '13-UR-0639'),
(2176, '13-UR-0610'),
(2177, '13-UR-0526'),
(2178, '13-UR-0525'),
(2179, '13-UR-0606'),
(2180, '13-UR-0549'),
(2181, '13-UR-0776'),
(2182, '13-UR-0879'),
(2183, '13-UR-0638'),
(2184, '13-UR-0778'),
(2185, '13-UR-0645'),
(2186, '13-UR-0617'),
(2187, '13-UR-0854'),
(2188, '12-UR-0542'),
(2189, '12-UR-0503'),
(2190, '12-UR-0508'),
(2191, '12-UR-0482'),
(2192, '12-UR-0561'),
(2193, '12-UR-0428'),
(2194, '12-UR-0646'),
(2195, '12-UR-0521'),
(2196, '12-UR-0617'),
(2197, '12-UR-0483'),
(2198, '12-UR-0629'),
(2199, '12-UR-0584'),
(2200, '12-UR-0494'),
(2201, '12-UR-0641'),
(2202, '12-UR-0493'),
(2203, '12-UR-0523'),
(2204, '12-UR-0501'),
(2205, '12-UR-0507'),
(2206, '12-UR-0563'),
(2207, '12-UR-0502'),
(2208, '12-UR-0496'),
(2209, '12-UR-0547'),
(2210, '12-UR-0631'),
(2211, '12-UR-0539'),
(2212, '12-UR-0585'),
(2213, '12-UR-0566'),
(2214, '12-UR-0567'),
(2215, '12-UR-0509'),
(2216, '12-UR-0643'),
(2217, '12-UR-0606'),
(2218, '12-UR-0320'),
(2219, '12-UR-0478'),
(2220, '12-UR-0506'),
(2221, '12-UR-0602'),
(2222, '12-UR-0549'),
(2223, '12-UR-0559'),
(2224, '12-UR-0487'),
(2225, '12-UR-0576'),
(2226, '12-UR-0644'),
(2227, '12-UR-0479'),
(2228, '12-UR-0514'),
(2229, '12-UR-0712'),
(2230, '12-UR-0485'),
(2231, '11-UR-1592'),
(2232, '11-UR-1601'),
(2233, '11-UR-1614'),
(2234, '11-UR-2058'),
(2235, '10-UR-0755'),
(2236, '10-UR-0204'),
(2237, '09-UR-ICT069'),
(2238, '09-UR-CE083'),
(2239, '16-UR-0053'),
(2240, '16-UR-0067'),
(2241, '16-UR-0043'),
(2242, '16-UR-0008'),
(2243, '16-UR-0072'),
(2244, '16-UR-0007'),
(2245, '15-UR-0887'),
(2246, '15-UR-0642'),
(2247, '15-UR-0571'),
(2248, '15-UR-0912'),
(2249, '15-UR-0787'),
(2250, '15-UR-0661'),
(2251, '15-UR-0615'),
(2252, '15-UR-0655'),
(2253, '15-UR-1094'),
(2254, '15-UR-0622'),
(2255, '15-UR-0593'),
(2256, '15-UR-0939'),
(2257, '15-UR-0694'),
(2258, '15-UR-0613'),
(2259, '15-UR-0687'),
(2260, '15-UR-0626'),
(2261, '15-UR-0605'),
(2262, '15-UR-0688'),
(2263, '15-UR-0689'),
(2264, '15-UR-0690'),
(2265, '15-UR-0691'),
(2266, '15-UR-0644'),
(2267, '15-UR-0635'),
(2268, '15-UR-0567'),
(2269, '15-UR-0909'),
(2270, '15-UR-0565'),
(2271, '15-UR-0659'),
(2272, '15-UR-0641'),
(2273, '15-UR-0600'),
(2274, '15-UR-0588'),
(2275, '15-UR-0648'),
(2276, '15-UR-0624'),
(2277, '15-UR-0647'),
(2278, '15-UR-0617'),
(2279, '15-UR-0668'),
(2280, '15-UR-0657'),
(2281, '15-UR-0632'),
(2282, '15-UR-0603'),
(2283, '15-UR-0602'),
(2284, '15-UR-0903'),
(2285, '15-UR-1133'),
(2286, '15-UR-0677'),
(2287, '15-UR-0631'),
(2288, '15-UR-0680'),
(2289, '15-UR-0636'),
(2290, '15-UR-0683'),
(2291, '15-UR-0660'),
(2292, '15-UR-0681'),
(2293, '15-UR-0573'),
(2294, '15-UR-1093'),
(2295, '15-UR-0575'),
(2296, '15-UR-0568'),
(2297, '15-UR-0335'),
(2298, '15-UR-0690'),
(2299, '15-UR-1052'),
(2300, '15-UR-0894'),
(2301, '15-UR-1062'),
(2302, '15-UR-0652'),
(2303, '15-UR-0629'),
(2304, '15-UR-1047'),
(2305, '15-UR-0606'),
(2306, '14-UR-0587'),
(2307, '14-UR-0509'),
(2308, '14-UR-0936'),
(2309, '14-UR-0529'),
(2310, '14-UR-0455'),
(2311, '14-UR-0510'),
(2312, '14-UR-0631'),
(2313, '14-UR-0665'),
(2314, '14-UR-0553'),
(2315, '14-UR-0703'),
(2316, '14-UR-0644'),
(2317, '14-UR-0453'),
(2318, '14-UR-0454'),
(2319, '14-UR-0524'),
(2320, '14-UR-0643'),
(2321, '14-UR-0604'),
(2322, '14-UR-0603'),
(2323, '14-UR-0642'),
(2324, '14-UR-0609'),
(2325, '14-UR-0478'),
(2326, '14-UR-0476'),
(2327, '14-UR-0457'),
(2328, '14-UR-0663'),
(2329, '14-UR-0547'),
(2330, '14-UR-0592'),
(2331, '14-UR-0481'),
(2332, '13-UR-0775'),
(2333, '13-UR-0623'),
(2334, '13-UR-0723'),
(2335, '13-UR-0733'),
(2336, '13-UR-0661'),
(2337, '13-UR-0595'),
(2338, '13-UR-0768'),
(2339, '13-UR-0794'),
(2340, '13-UR-0506'),
(2341, '13-UR-0659'),
(2342, '13-UR-0642'),
(2343, '13-UR-0692'),
(2344, '13-UR-0919'),
(2345, '13-UR-0702'),
(2346, '13-UR-0486'),
(2347, '13-UR-0587'),
(2348, '13-UR-0565'),
(2349, '13-UR-0773'),
(2350, '13-UR-0720'),
(2351, '13-UR-0635'),
(2352, '13-UR-0564'),
(2353, '13-UR-0609'),
(2354, '13-UR-0554'),
(2355, '13-UR-0796'),
(2356, '13-UR-0784'),
(2357, '13-UR-0696'),
(2358, '13-UR-0780'),
(2359, '13-UR-0556'),
(2360, '13-UR-0652'),
(2361, '13-UR-0897'),
(2362, '13-UR-0646'),
(2363, '13-UR-0774'),
(2364, '13-UR-0574'),
(2365, '13-UR-0797'),
(2366, '13-UR-0562'),
(2367, '13-UR-0559'),
(2368, '13-UR-0546'),
(2369, '13-UR-0563'),
(2370, '13-UR-0667'),
(2371, '13-UR-0691'),
(2372, '13-UR-0627'),
(2373, '12-UR-0132'),
(2374, '12-UR-0767'),
(2375, '12-UR-0505'),
(2376, '12-UR-0623'),
(2377, '12-UR-0133'),
(2378, '12-UR-0526'),
(2379, '12-UR-0613'),
(2380, '12-UR-0545'),
(2381, '12-UR-0578'),
(2382, '12-UR-0715'),
(2383, '12-UR-0492'),
(2384, '12-UR-0427'),
(2385, '12-UR-0707'),
(2386, '12-UR-0477'),
(2387, '12-UR-0525'),
(2388, '12-UR-0562'),
(2389, '12-UR-0544'),
(2390, '12-UR-0601'),
(2391, '12-UR-0498'),
(2392, '12-UR-0560'),
(2393, '12-UR-0504'),
(2394, '12-UR-0511'),
(2395, '12-UR-0500'),
(2396, '12-UR-0622'),
(2397, '12-UR-0603'),
(2398, '12-UR-0490'),
(2399, '12-UR-0627'),
(2400, '12-UR-0857'),
(2401, '11-UR-2082'),
(2402, '11-UR-1505'),
(2403, '09-UR-BSED094'),
(2404, '08-UR-0836'),
(2405, '16-UR-0019'),
(2406, '16-UR-0070'),
(2407, '16-UR-0031'),
(2408, '16-UR-0014'),
(2409, '16-UR-0009'),
(2410, '16-UR-0016'),
(2411, '16-UR-0045'),
(2412, '16-UR-0062'),
(2413, '16-UR-0041'),
(2414, '16-UR-0015'),
(2415, '15-UR-0478'),
(2416, '15-UR-0686'),
(2417, '15-UR-0475'),
(2418, '15-UR-0559'),
(2419, '15-UR-0471'),
(2420, '15-UR-0447'),
(2421, '15-UR-0467'),
(2422, '15-UR-0517'),
(2423, '15-UR-0525'),
(2424, '15-UR-0437'),
(2425, '15-UR-0448'),
(2426, '15-UR-0539'),
(2427, '15-UR-0506'),
(2428, '15-UR-0488'),
(2429, '15-UR-0503'),
(2430, '15-UR-0489'),
(2431, '15-UR-0888'),
(2432, '15-UR-0526'),
(2433, '15-UR-0487'),
(2434, '15-UR-0500'),
(2435, '15-UR-0444'),
(2436, '15-UR-0463'),
(2437, '15-UR-0542'),
(2438, '15-UR-0540'),
(2439, '15-UR-0494'),
(2440, '15-UR-0675'),
(2441, '15-UR-0508'),
(2442, '15-UR-0878'),
(2443, '15-UR-1109'),
(2444, '15-UR-0505'),
(2445, '15-UR-0490'),
(2446, '15-UR-1087'),
(2447, '15-UR-0944'),
(2448, '15-UR-0695'),
(2449, '15-UR-0443'),
(2450, '15-UR-0519'),
(2451, '15-UR-0684'),
(2452, '15-UR-0501'),
(2453, '15-UR-0483'),
(2454, '15-UR-0484'),
(2455, '15-UR-0442'),
(2456, '15-UR-0923'),
(2457, '15-UR-1063'),
(2458, '15-UR-1081'),
(2459, '15-UR-0515'),
(2460, '15-UR-1080'),
(2461, '15-UR-1055'),
(2462, '15-UR-0532'),
(2463, '15-UR-0451'),
(2464, '15-UR-0498'),
(2465, '15-UR-0667'),
(2466, '15-UR-0477'),
(2467, '15-UR-0455'),
(2468, '15-UR-0458'),
(2469, '15-UR-0466'),
(2470, '14-UR-0675'),
(2471, '14-UR-0573'),
(2472, '14-UR-0952'),
(2473, '14-UR-0468'),
(2474, '14-UR-0574'),
(2475, '14-UR-0567'),
(2476, '14-UR-0692'),
(2477, '14-UR-0467'),
(2478, '14-UR-0688'),
(2479, '14-UR-0655'),
(2480, '14-UR-0640'),
(2481, '14-UR-0487'),
(2482, '14-UR-0620'),
(2483, '14-UR-0841'),
(2484, '14-UR-0464'),
(2485, '14-UR-0598'),
(2486, '14-UR-0590'),
(2487, '14-UR-0929'),
(2488, '14-UR-0490'),
(2489, '14-UR-0589'),
(2490, '14-UR-0827'),
(2491, '14-UR-0569'),
(2492, '14-UR-0446'),
(2493, '14-UR-0659'),
(2494, '14-UR-0616'),
(2495, '14-UR-0630'),
(2496, '14-UR-0572'),
(2497, '14-UR-0657'),
(2498, '14-UR-0525'),
(2499, '14-UR-0470'),
(2500, '14-UR-0612'),
(2501, '14-UR-0491'),
(2502, '14-UR-0492'),
(2503, '14-UR-0879 '),
(2504, '13-UR-0577'),
(2505, '13-UR-0527'),
(2506, '13-UR-0650'),
(2507, '13-UR-0603'),
(2508, '13-UR-0142'),
(2509, '13-UR-0605'),
(2510, '13-UR-0571'),
(2511, '13-UR-0612'),
(2512, '13-UR-0816'),
(2513, '13-UR-0586'),
(2514, '13-UR-0567'),
(2515, '13-UR-0512'),
(2516, '13-UR-0736'),
(2517, '13-UR-0770'),
(2518, '13-UR-0672'),
(2519, '13-UR-0660'),
(2520, '13-UR-0521'),
(2521, '13-UR-0630'),
(2522, '13-UR-0570'),
(2523, '13-UR-0730'),
(2524, '13-UR-0923'),
(2525, '13-UR-0713'),
(2526, '13-UR-0598'),
(2527, '13-UR-0765'),
(2528, '13-UR-0536'),
(2529, '13-UR-0539'),
(2530, '13-UR-0874'),
(2531, '13-UR-0551'),
(2532, '13-UR-0410'),
(2533, '13-UR-0576'),
(2534, '13-UR-0893'),
(2535, '13-UR-0686'),
(2536, '13-UR-0147'),
(2537, '13-UR-0746'),
(2538, '13-UR-0031'),
(2539, '13-UR-0671'),
(2540, '13-UR-0246'),
(2541, '13-UR-0714'),
(2542, '13-UR-0534'),
(2543, '13-UR-0876'),
(2544, '13-UR-0553'),
(2545, '13-UR-0818'),
(2546, '13-UR-0552'),
(2547, '13-UR-0724'),
(2548, '13-UR-0927'),
(2549, '13-UR-0922'),
(2550, '13-UR-0826'),
(2551, '12-UR-0481'),
(2552, '12-UR-0640'),
(2553, '12-UR-0518'),
(2554, '12-UR-0607'),
(2555, '12-UR-0592'),
(2556, '12-UR-0587'),
(2557, '12-UR-0528');
INSERT INTO `userlrn` (`ID`, `LRN`) VALUES
(2558, '12-UR-0608'),
(2559, '12-UR-0831'),
(2560, '12-UR-0423'),
(2561, '12-UR-0811'),
(2562, '12-UR-0424'),
(2563, '12-UR-0472'),
(2564, '12-UR-0469'),
(2565, '12-UR-0519'),
(2566, '12-UR-0517'),
(2567, '12-UR-0488'),
(2568, '12-UR-0705'),
(2569, '12-UR-0598'),
(2570, '12-UR-0570'),
(2571, '12-UR-0586'),
(2572, '12-UR-0475'),
(2573, '12-UR-0626'),
(2574, '12-UR-0476'),
(2575, '11-UR-1650'),
(2576, '11-UR-1631'),
(2577, '11-UR-1651'),
(2578, '11-UR-1139'),
(2579, '11-UR-1328'),
(2580, '11-UR-2081'),
(2581, '11-UR-1403'),
(2582, '10-UR-0519'),
(2583, '10-UR-0675'),
(2584, '10-UR-0025'),
(2585, '10-UR-0807'),
(2586, '10-UR-0466'),
(2587, '09-UR-ABE007'),
(2588, '09-UR-ABE024'),
(2589, '09-UR-ICT373'),
(2590, '16-UR-0021'),
(2591, '16-UR-0061'),
(2592, '16-UR-0037'),
(2593, '16-UR-0066'),
(2594, '16-UR-0017'),
(2595, '16-UR-0023'),
(2596, '16-UR-0044'),
(2597, '16-UR-0046'),
(2598, '16-UR-0033'),
(2599, '16-UR-0071'),
(2600, '16-UR-0032'),
(2601, '16-UR-0018'),
(2602, '16-UR-0069'),
(2603, '16-UR-0030'),
(2604, '16-UR-0042'),
(2605, '16-UR-0038'),
(2606, '15-UR-0874'),
(2607, '15-UR-0679'),
(2608, '15-UR-0860'),
(2609, '15-UR-0921'),
(2610, '15-UR-0918'),
(2611, '15-UR-1090'),
(2612, '15-UR-0849'),
(2613, '15-UR-0930'),
(2614, '15-UR-0937'),
(2615, '15-UR-0960'),
(2616, '15-UR-1025'),
(2617, '15-UR-0779'),
(2618, '15-UR-0968'),
(2619, '15-UR-0893'),
(2620, '15-UR-0975'),
(2621, '15-UR-0304'),
(2622, '15-UR-1027'),
(2623, '15-UR-1019'),
(2624, '15-UR-1004'),
(2625, '15-UR-1034'),
(2626, '15-UR-0933'),
(2627, '15-UR-0750'),
(2628, '15-UR-0765'),
(2629, '15-UR-0829'),
(2630, '15-UR-0990'),
(2631, '15-UR-0818'),
(2632, '15-UR-1125'),
(2633, '15-UR-0841'),
(2634, '15-UR-0794'),
(2635, '15-UR-0999'),
(2636, '15-UR-0729'),
(2637, '15-UR-0786'),
(2638, '15-UR-0844'),
(2639, '15-UR-1113'),
(2640, '15-UR-0406'),
(2641, '15-UR-1021'),
(2642, '15-UR-1026'),
(2643, '15-UR-0851'),
(2644, '15-UR-0813'),
(2645, '15-UR-0747'),
(2646, '15-UR-0817'),
(2647, '15-UR-0720'),
(2648, '15-UR-0316'),
(2649, '15-UR-0790'),
(2650, '15-UR-0976'),
(2651, '15-UR-1038'),
(2652, '15-UR-0996'),
(2653, '15-UR-0805'),
(2654, '15-UR-1040'),
(2655, '15-UR-1057'),
(2656, '15-UR-0827'),
(2657, '15-UR-0760'),
(2658, '15-UR-0948'),
(2659, '15-UR-0980'),
(2660, '15-UR-0828'),
(2661, '15-UR-1000'),
(2662, '15-UR-1132'),
(2663, '15-UR-0865'),
(2664, '15-UR-0771'),
(2665, '15-UR-0997'),
(2666, '15-UR-0861'),
(2667, '15-UR-0984'),
(2668, '15-UR-0773'),
(2669, '15-UR-0879'),
(2670, '15-UR-1017'),
(2671, '15-UR-0820'),
(2672, '15-UR-0718'),
(2673, '15-UR-0701'),
(2674, '15-UR-0925'),
(2675, '15-UR-0721'),
(2676, '15-UR-1044'),
(2677, '15-UR-0857'),
(2678, '15-UR-0853'),
(2679, '15-UR-0801'),
(2680, '15-UR-0972'),
(2681, '15-UR-0949'),
(2682, '15-UR-1002'),
(2683, '15-UR-1088'),
(2684, '15-UR-0928'),
(2685, '15-UR-0714'),
(2686, '15-UR-0723'),
(2687, '15-UR-1029'),
(2688, '15-UR-0927'),
(2689, '15-UR-0814'),
(2690, '15-UR-0845'),
(2691, '15-UR-0868'),
(2692, '15-UR-0850'),
(2693, '15-UR-0793'),
(2694, '15-UR-0734'),
(2695, '15-UR-1001'),
(2696, '15-UR-0989'),
(2697, '15-UR-0761'),
(2698, '15-UR-1046'),
(2699, '15-UR-0832'),
(2700, '15-UR-0994'),
(2701, '15-UR-0964'),
(2702, '15-UR-1013'),
(2703, '15-UR-0775'),
(2704, '15-UR-0831'),
(2705, '15-UR-0802'),
(2706, '15-UR-0719'),
(2707, '15-UR-0886'),
(2708, '15-UR-0852'),
(2709, '15-UR-0739'),
(2710, '15-UR-0772'),
(2711, '15-UR-0749'),
(2712, '15-UR-0830'),
(2713, '15-UR-0881'),
(2714, '15-UR-0834'),
(2715, '15-UR-0819'),
(2716, '15-UR-0862'),
(2717, '15-UR-0767'),
(2718, '15-UR-0780'),
(2719, '15-UR-0870'),
(2720, '15-UR-0797'),
(2721, '15-UR-1053'),
(2722, '15-UR-0766'),
(2723, '15-UR-0826'),
(2724, '15-UR-0936'),
(2725, '15-UR-0938'),
(2726, '15-UR-0706'),
(2727, '15-UR-0998'),
(2728, '15-UR-1024'),
(2729, '15-UR-0811'),
(2730, '15-UR-0743'),
(2731, '15-UR-0966'),
(2732, '15-UR-1011'),
(2733, '15-UR-1012'),
(2734, '15-UR-1023'),
(2735, '15-UR-0877'),
(2736, '15-UR-0988'),
(2737, '15-UR-0704'),
(2738, '15-UR-0758'),
(2739, '15-UR-0751'),
(2740, '15-UR-0346'),
(2741, '15-UR-0796'),
(2742, '15-UR-0945'),
(2743, '15-UR-0732'),
(2744, '15-UR-0992'),
(2745, '15-UR-0763'),
(2746, '15-UR-0812'),
(2747, '15-UR-0731'),
(2748, '15-UR-0835'),
(2749, '15-UR-0788'),
(2750, '15-UR-0735'),
(2751, '15-UR-0956'),
(2752, '15-UR-1101'),
(2753, '15-UR-0408'),
(2754, '15-UR-1108'),
(2755, '15-UR-1041'),
(2756, '15-UR-1006'),
(2757, '15-UR-0875'),
(2758, '15-UR-1048'),
(2759, '15-UR-0724'),
(2760, '15-UR-0856'),
(2761, '15-UR-0985'),
(2762, '15-UR-1032'),
(2763, '15-UR-0838'),
(2764, '15-UR-0308'),
(2765, '15-UR-1018'),
(2766, '15-UR-0707'),
(2767, '15-UR-0730'),
(2768, '15-UR-0792'),
(2769, '15-UR-0916'),
(2770, '15-UR-0717'),
(2771, '15-UR-0713'),
(2772, '15-UR-0914'),
(2773, '15-UR-0859'),
(2774, '15-UR-0932'),
(2775, '15-UR-0883'),
(2776, '15-UR-0825'),
(2777, '15-UR-0804'),
(2778, '15-UR-0733'),
(2779, '15-UR-0815'),
(2780, '15-UR-0757'),
(2781, '15-UR-0873'),
(2782, '15-UR-0740'),
(2783, '14-UR-0130'),
(2784, '14-UR-0122'),
(2785, '14-UR-0003'),
(2786, '14-UR-0186'),
(2787, '14-UR-0133'),
(2788, '14-UR-0785'),
(2789, '14-UR-0243'),
(2790, '14-UR-0007'),
(2791, '14-UR-0024'),
(2792, '14-UR-0120'),
(2793, '14-UR-0057'),
(2794, '14-UR-0164'),
(2795, '14-UR-0933'),
(2796, '14-UR-1256'),
(2797, '14-UR-0013'),
(2798, '14-UR-0006'),
(2799, '14-UR-0932'),
(2800, '14-UR-0781'),
(2801, '14-UR-0285'),
(2802, '14-UR-0094'),
(2803, '14-UR-0136'),
(2804, '14-UR-0114'),
(2805, '14-UR-0228'),
(2806, '14-UR-0917'),
(2807, '14-UR-0161'),
(2808, '14-UR-0049'),
(2809, '14-UR-0179'),
(2810, '14-UR-0071'),
(2811, '14-UR-0020'),
(2812, '14-UR-0097'),
(2813, '14-UR-0008'),
(2814, '14-UR-0204'),
(2815, '14-UR-0052'),
(2816, '14-UR-0711'),
(2817, '14-UR-0189'),
(2818, '14-UR-0028'),
(2819, '14-UR-0085'),
(2820, '14-UR-0914'),
(2821, '14-UR-0700'),
(2822, '14-UR-0199'),
(2823, '14-UR-0079'),
(2824, '14-UR-0124'),
(2825, '14-UR-0010'),
(2826, '14-UR-0192'),
(2827, '14-UR-0901'),
(2828, '14-UR-0095'),
(2829, '14-UR-0138'),
(2830, '14-UR-0111'),
(2831, '14-UR-0231'),
(2832, '14-UR-0019'),
(2833, '14-UR-0153'),
(2834, '14-UR-0017'),
(2835, '14-UR-0091'),
(2836, '14-UR-0060'),
(2837, '14-UR-0062'),
(2838, '14-UR-0200'),
(2839, '14-UR-0108'),
(2840, '14-UR-0150'),
(2841, '14-UR-0092'),
(2842, '14-UR-0421'),
(2843, '14-UR-0066'),
(2844, '14-UR-0074'),
(2845, '14-UR-0035'),
(2846, '14-UR-0210'),
(2847, '14-UR-0106'),
(2848, '14-UR-0622'),
(2849, '14-UR-0831'),
(2850, '14-UR-0166'),
(2851, '14-UR-0128'),
(2852, '14-UR-0039'),
(2853, '14-UR-0061'),
(2854, '14-UR-0237'),
(2855, '14-UR-0009'),
(2856, '14-UR-0040'),
(2857, '14-UR-0855'),
(2858, '14-UR-0103'),
(2859, '14-UR-0158'),
(2860, '14-UR-0227'),
(2861, '14-UR-0242'),
(2862, '14-UR-0223'),
(2863, '14-UR-0162'),
(2864, '14-UR-0064'),
(2865, '14-UR-0142'),
(2866, '14-UR-0898'),
(2867, '14-UR-0216'),
(2868, '14-UR-0143'),
(2869, '14-UR-0238'),
(2870, '14-UR-0043'),
(2871, '14-UR-0203'),
(2872, '14-UR-0733'),
(2873, '14-UR-0050'),
(2874, '14-UR-0916'),
(2875, '14-UR-0135'),
(2876, '14-UR-0930'),
(2877, '14-UR-0065'),
(2878, '14-UR-0038'),
(2879, '14-UR-0211'),
(2880, '14-UR-0044'),
(2881, '14-UR-0182'),
(2882, '14-UR-0105'),
(2883, '14-UR-0110'),
(2884, '14-UR-0054'),
(2885, '14-UR-0023'),
(2886, '14-UR-0180'),
(2887, '14-UR-0172'),
(2888, '14-UR-0195'),
(2889, '14-UR-0121'),
(2890, '14-UR-0935'),
(2891, '14-UR-0171'),
(2892, '14-UR-0249'),
(2893, '14-UR-0234'),
(2894, '14-UR-0194'),
(2895, '14-UR-0037'),
(2896, '13-UR-0137'),
(2897, '13-UR-0136'),
(2898, '13-UR-0218'),
(2899, '13-UR-0641'),
(2900, '13-UR-0187'),
(2901, '13-UR-0151'),
(2902, '13-UR-0114'),
(2903, '13-UR-0156'),
(2904, '13-UR-0157'),
(2905, '13-UR-0851'),
(2906, '13-UR-0042'),
(2907, '13-UR-0215'),
(2908, '13-UR-0001'),
(2909, '13-UR-0019'),
(2910, '13-UR-0832'),
(2911, '13-UR-0089'),
(2912, '13-UR-0035'),
(2913, '13-UR-0749'),
(2914, '13-UR-0055'),
(2915, '13-UR-0143'),
(2916, '13-UR-0117'),
(2917, '13-UR-0501'),
(2918, '13-UR-0063'),
(2919, '13-UR-0074'),
(2920, '13-UR-0883'),
(2921, '13-UR-0024'),
(2922, '13-UR-0084'),
(2923, '13-UR-0127'),
(2924, '13-UR-0108'),
(2925, '13-UR-0703'),
(2926, '13-UR-0489'),
(2927, '13-UR-0003'),
(2928, '13-UR-0510'),
(2929, '13-UR-0099'),
(2930, '13-UR-0057'),
(2931, '13-UR-0498'),
(2932, '13-UR-0916'),
(2933, '13-UR-0904'),
(2934, '13-UR-0033'),
(2935, '13-UR-0502'),
(2936, '13-UR-0153'),
(2937, '13-UR-0045'),
(2938, '13-UR-0050'),
(2939, '13-UR-0910'),
(2940, '13-UR-0041'),
(2941, '13-UR-0012'),
(2942, '13-UR-0111'),
(2943, '13-UR-0302'),
(2944, '13-UR-0097'),
(2945, '13-UR-0076'),
(2946, '13-UR-0402'),
(2947, '13-UR-0852'),
(2948, '13-UR-0160'),
(2949, '13-UR-0093'),
(2950, '13-UR-0159'),
(2951, '13-UR-0060'),
(2952, '13-UR-0044'),
(2953, '13-UR-0811'),
(2954, '13-UR-0028'),
(2955, '13-UR-0068'),
(2956, '13-UR-0022'),
(2957, '13-UR-0052'),
(2958, '13-UR-0002'),
(2959, '13-UR-0145'),
(2960, '13-UR-0075'),
(2961, '13-UR-0058'),
(2962, '13-UR-0921'),
(2963, '13-UR-0849'),
(2964, '13-UR-0046'),
(2965, '13-UR-0026'),
(2966, '13-UR-0123'),
(2967, '13-UR-0496'),
(2968, '13-UR-0023'),
(2969, '13-UR-0036'),
(2970, '13-UR-0171'),
(2971, '13-UR-0013'),
(2972, '13-UR-0813'),
(2973, '13-UR-0805'),
(2974, '13-UR-0515'),
(2975, '13-UR-0095'),
(2976, '13-UR-0015'),
(2977, '13-UR-0495'),
(2978, '13-UR-0008'),
(2979, '13-UR-0016'),
(2980, '13-UR-0392'),
(2981, '13-UR-0004'),
(2982, '13-UR-0165'),
(2983, '13-UR-0122'),
(2984, '13-UR-0132'),
(2985, '13-UR-0891'),
(2986, '13-UR-0017'),
(2987, '13-UR-0154'),
(2988, '13-UR-0049'),
(2989, '13-UR-0464'),
(2990, '13-UR-0040'),
(2991, '13-UR-0007'),
(2992, '13-UR-0010'),
(2993, '13-UR-0126'),
(2994, '13-UR-0425'),
(2995, '13-UR-0931'),
(2996, '13-UR-0917'),
(2997, '13-UR-0810'),
(2998, 'admin');

-- --------------------------------------------------------

--
-- Table structure for table `users`
--

CREATE TABLE IF NOT EXISTS `users` (
  `userID` int(11) NOT NULL,
  `username` varchar(50) NOT NULL,
  `password` varchar(100) NOT NULL,
  `userLevel` varchar(10) NOT NULL,
  `userLRN` varchar(15) NOT NULL
) ENGINE=InnoDB AUTO_INCREMENT=13 DEFAULT CHARSET=latin1;

--
-- Dumping data for table `users`
--

INSERT INTO `users` (`userID`, `username`, `password`, `userLevel`, `userLRN`) VALUES
(1, 'akamark', 'markjohn', 'student', '13-UR-0001'),
(2, 'ararfinez', 'ararfinez', 'student', '13-UR-0111'),
(3, 'omgkarla', 'omgkarla', 'student', '13-UR-0099'),
(4, 'dylan', 'dylan', 'student', '16-UR-0052'),
(5, 'gerrysgrill', 'gerrysgrill', 'student', '16-UR-0065'),
(6, 'michaelacosta', 'michaelaacosta', 'faculty', 'URDA-0001'),
(7, 'admin', 'admin', 'admin', 'admin'),
(8, 'markjohn', 'markjohn', 'student', '16-UR-0074'),
(9, 'josejose', 'josejose', 'student', '15-UR-0136'),
(10, 'maemae', 'maemae', 'faculty', 'URDA-0002'),
(11, 'karenmae', 'karenmae', 'faculty', 'URDA-0003'),
(12, 'jinajina', 'jinajina', 'faculty', 'URDA-0004');

-- --------------------------------------------------------

--
-- Table structure for table `videos`
--

CREATE TABLE IF NOT EXISTS `videos` (
  `ID` int(11) NOT NULL,
  `title` varchar(50) NOT NULL,
  `youtubecode` varchar(11) NOT NULL,
  `dateshared` varchar(30) NOT NULL,
  `timeshared` varchar(30) NOT NULL,
  `userID` varchar(15) NOT NULL
) ENGINE=InnoDB AUTO_INCREMENT=9 DEFAULT CHARSET=latin1;

--
-- Dumping data for table `videos`
--

INSERT INTO `videos` (`ID`, `title`, `youtubecode`, `dateshared`, `timeshared`, `userID`) VALUES
(6, 'Thrilling Touch', 'iyu&5tgHuyr', 'July 15, 2016', '03:45:49 pm', '13-UR-0001'),
(7, 'Captivating Roses', 'idRv29MhQ74', 'July 15, 2016', '03:47:12 pm', '13-UR-0001'),
(8, '', '', 'August 2, 2016', '01:14:31 pm', '13-UR-0001');

--
-- Indexes for dumped tables
--

--
-- Indexes for table `announcement`
--
ALTER TABLE `announcement`
  ADD PRIMARY KEY (`ID`);

--
-- Indexes for table `commentgroup`
--
ALTER TABLE `commentgroup`
  ADD PRIMARY KEY (`ID`);

--
-- Indexes for table `comments`
--
ALTER TABLE `comments`
  ADD PRIMARY KEY (`ID`);

--
-- Indexes for table `comment_announcement`
--
ALTER TABLE `comment_announcement`
  ADD PRIMARY KEY (`ID`);

--
-- Indexes for table `comment_dept`
--
ALTER TABLE `comment_dept`
  ADD PRIMARY KEY (`ID`);

--
-- Indexes for table `connected`
--
ALTER TABLE `connected`
  ADD PRIMARY KEY (`ID`);

--
-- Indexes for table `connectrequest`
--
ALTER TABLE `connectrequest`
  ADD PRIMARY KEY (`ID`);

--
-- Indexes for table `creategroup`
--
ALTER TABLE `creategroup`
  ADD PRIMARY KEY (`ID`);

--
-- Indexes for table `degree`
--
ALTER TABLE `degree`
  ADD PRIMARY KEY (`ID`);

--
-- Indexes for table `department`
--
ALTER TABLE `department`
  ADD PRIMARY KEY (`ID`);

--
-- Indexes for table `displaypic`
--
ALTER TABLE `displaypic`
  ADD PRIMARY KEY (`ID`);

--
-- Indexes for table `facultylrn`
--
ALTER TABLE `facultylrn`
  ADD PRIMARY KEY (`ID`);

--
-- Indexes for table `groupmember`
--
ALTER TABLE `groupmember`
  ADD PRIMARY KEY (`ID`);

--
-- Indexes for table `grouppost`
--
ALTER TABLE `grouppost`
  ADD PRIMARY KEY (`ID`);

--
-- Indexes for table `messages`
--
ALTER TABLE `messages`
  ADD PRIMARY KEY (`ID`);

--
-- Indexes for table `picgallery`
--
ALTER TABLE `picgallery`
  ADD PRIMARY KEY (`ID`);

--
-- Indexes for table `post`
--
ALTER TABLE `post`
  ADD PRIMARY KEY (`ID`);

--
-- Indexes for table `profile`
--
ALTER TABLE `profile`
  ADD PRIMARY KEY (`userLRN`);

--
-- Indexes for table `profilepic`
--
ALTER TABLE `profilepic`
  ADD PRIMARY KEY (`picID`);

--
-- Indexes for table `reply`
--
ALTER TABLE `reply`
  ADD PRIMARY KEY (`ID`);

--
-- Indexes for table `reply_announcement`
--
ALTER TABLE `reply_announcement`
  ADD PRIMARY KEY (`ID`);

--
-- Indexes for table `reply_dept`
--
ALTER TABLE `reply_dept`
  ADD PRIMARY KEY (`ID`);

--
-- Indexes for table `reply_group`
--
ALTER TABLE `reply_group`
  ADD PRIMARY KEY (`ID`);

--
-- Indexes for table `userlrn`
--
ALTER TABLE `userlrn`
  ADD PRIMARY KEY (`ID`);

--
-- Indexes for table `users`
--
ALTER TABLE `users`
  ADD PRIMARY KEY (`userID`);

--
-- Indexes for table `videos`
--
ALTER TABLE `videos`
  ADD PRIMARY KEY (`ID`);

--
-- AUTO_INCREMENT for dumped tables
--

--
-- AUTO_INCREMENT for table `announcement`
--
ALTER TABLE `announcement`
  MODIFY `ID` int(11) NOT NULL AUTO_INCREMENT,AUTO_INCREMENT=9;
--
-- AUTO_INCREMENT for table `commentgroup`
--
ALTER TABLE `commentgroup`
  MODIFY `ID` int(11) NOT NULL AUTO_INCREMENT,AUTO_INCREMENT=20;
--
-- AUTO_INCREMENT for table `comments`
--
ALTER TABLE `comments`
  MODIFY `ID` int(11) NOT NULL AUTO_INCREMENT,AUTO_INCREMENT=68;
--
-- AUTO_INCREMENT for table `comment_announcement`
--
ALTER TABLE `comment_announcement`
  MODIFY `ID` int(11) NOT NULL AUTO_INCREMENT,AUTO_INCREMENT=13;
--
-- AUTO_INCREMENT for table `comment_dept`
--
ALTER TABLE `comment_dept`
  MODIFY `ID` int(11) NOT NULL AUTO_INCREMENT,AUTO_INCREMENT=15;
--
-- AUTO_INCREMENT for table `connected`
--
ALTER TABLE `connected`
  MODIFY `ID` int(11) NOT NULL AUTO_INCREMENT,AUTO_INCREMENT=78;
--
-- AUTO_INCREMENT for table `connectrequest`
--
ALTER TABLE `connectrequest`
  MODIFY `ID` int(11) NOT NULL AUTO_INCREMENT,AUTO_INCREMENT=54;
--
-- AUTO_INCREMENT for table `creategroup`
--
ALTER TABLE `creategroup`
  MODIFY `ID` int(11) NOT NULL AUTO_INCREMENT,AUTO_INCREMENT=7;
--
-- AUTO_INCREMENT for table `degree`
--
ALTER TABLE `degree`
  MODIFY `ID` int(11) NOT NULL AUTO_INCREMENT,AUTO_INCREMENT=13;
--
-- AUTO_INCREMENT for table `department`
--
ALTER TABLE `department`
  MODIFY `ID` int(11) NOT NULL AUTO_INCREMENT,AUTO_INCREMENT=18;
--
-- AUTO_INCREMENT for table `displaypic`
--
ALTER TABLE `displaypic`
  MODIFY `ID` int(11) NOT NULL AUTO_INCREMENT,AUTO_INCREMENT=7;
--
-- AUTO_INCREMENT for table `facultylrn`
--
ALTER TABLE `facultylrn`
  MODIFY `ID` int(11) NOT NULL AUTO_INCREMENT,AUTO_INCREMENT=7;
--
-- AUTO_INCREMENT for table `groupmember`
--
ALTER TABLE `groupmember`
  MODIFY `ID` int(11) NOT NULL AUTO_INCREMENT,AUTO_INCREMENT=32;
--
-- AUTO_INCREMENT for table `grouppost`
--
ALTER TABLE `grouppost`
  MODIFY `ID` int(11) NOT NULL AUTO_INCREMENT,AUTO_INCREMENT=21;
--
-- AUTO_INCREMENT for table `messages`
--
ALTER TABLE `messages`
  MODIFY `ID` int(11) NOT NULL AUTO_INCREMENT,AUTO_INCREMENT=23;
--
-- AUTO_INCREMENT for table `picgallery`
--
ALTER TABLE `picgallery`
  MODIFY `ID` int(11) NOT NULL AUTO_INCREMENT,AUTO_INCREMENT=32;
--
-- AUTO_INCREMENT for table `post`
--
ALTER TABLE `post`
  MODIFY `ID` int(11) NOT NULL AUTO_INCREMENT,AUTO_INCREMENT=112;
--
-- AUTO_INCREMENT for table `profilepic`
--
ALTER TABLE `profilepic`
  MODIFY `picID` int(11) NOT NULL AUTO_INCREMENT,AUTO_INCREMENT=39;
--
-- AUTO_INCREMENT for table `reply`
--
ALTER TABLE `reply`
  MODIFY `ID` int(11) NOT NULL AUTO_INCREMENT,AUTO_INCREMENT=72;
--
-- AUTO_INCREMENT for table `reply_announcement`
--
ALTER TABLE `reply_announcement`
  MODIFY `ID` int(11) NOT NULL AUTO_INCREMENT,AUTO_INCREMENT=9;
--
-- AUTO_INCREMENT for table `reply_dept`
--
ALTER TABLE `reply_dept`
  MODIFY `ID` int(11) NOT NULL AUTO_INCREMENT,AUTO_INCREMENT=9;
--
-- AUTO_INCREMENT for table `reply_group`
--
ALTER TABLE `reply_group`
  MODIFY `ID` int(11) NOT NULL AUTO_INCREMENT,AUTO_INCREMENT=13;
--
-- AUTO_INCREMENT for table `userlrn`
--
ALTER TABLE `userlrn`
  MODIFY `ID` int(11) NOT NULL AUTO_INCREMENT,AUTO_INCREMENT=2999;
--
-- AUTO_INCREMENT for table `users`
--
ALTER TABLE `users`
  MODIFY `userID` int(11) NOT NULL AUTO_INCREMENT,AUTO_INCREMENT=13;
--
-- AUTO_INCREMENT for table `videos`
--
ALTER TABLE `videos`
  MODIFY `ID` int(11) NOT NULL AUTO_INCREMENT,AUTO_INCREMENT=9;
/*!40101 SET CHARACTER_SET_CLIENT=@OLD_CHARACTER_SET_CLIENT */;
/*!40101 SET CHARACTER_SET_RESULTS=@OLD_CHARACTER_SET_RESULTS */;
/*!40101 SET COLLATION_CONNECTION=@OLD_COLLATION_CONNECTION */;
